-- phpMyAdmin SQL Dump
-- version 4.1.14
-- http://www.phpmyadmin.net
--
-- Host: 127.0.0.1
-- Generation Time: 17-Mar-2017 às 07:30
-- Versão do servidor: 5.6.17
-- PHP Version: 5.5.12

SET SQL_MODE = "NO_AUTO_VALUE_ON_ZERO";
SET time_zone = "+00:00";


/*!40101 SET @OLD_CHARACTER_SET_CLIENT=@@CHARACTER_SET_CLIENT */;
/*!40101 SET @OLD_CHARACTER_SET_RESULTS=@@CHARACTER_SET_RESULTS */;
/*!40101 SET @OLD_COLLATION_CONNECTION=@@COLLATION_CONNECTION */;
/*!40101 SET NAMES utf8 */;

--
-- Database: `jogovideoke`
--

-- --------------------------------------------------------

--
-- Estrutura da tabela `tb_candidatos`
--

CREATE TABLE IF NOT EXISTS `tb_candidatos` (
  `idCandidatos` int(11) NOT NULL AUTO_INCREMENT,
  `nome` varchar(50) COLLATE utf8_unicode_ci NOT NULL,
  `idade` int(2) NOT NULL,
  `imagem` varchar(50) COLLATE utf8_unicode_ci NOT NULL,
  `data` timestamp NOT NULL,
  `situacao` int(1) NOT NULL,
  PRIMARY KEY (`idCandidatos`)
) ENGINE=InnoDB  DEFAULT CHARSET=utf8 COLLATE=utf8_unicode_ci AUTO_INCREMENT=23 ;

--
-- Extraindo dados da tabela `tb_candidatos`
--

INSERT INTO `tb_candidatos` (`idCandidatos`, `nome`, `idade`, `imagem`, `data`, `situacao`) VALUES
(1, 'Weder Monteiro', 32, 'img-003.jpg', '2016-06-24 21:23:38', 1),
(2, 'Daniele Novaes', 28, 'img-002.jpg', '2016-06-24 21:23:38', 1),
(3, 'Warley Monteiro', 29, 'img-001.jpg', '2016-06-24 21:23:38', 1),
(4, 'Maxwell Machado', 30, 'img-002.jpg', '2016-06-24 21:23:38', 1),
(5, 'Werley Monteiro', 34, 'img-003.jpg', '2016-06-24 21:23:38', 1),
(6, 'Daniel Machado', 30, 'img-004.jpg', '2016-06-24 21:23:38', 1),
(7, 'Marilda Monteiro', 52, 'img-001.jpg', '2016-06-24 21:23:38', 1),
(8, 'Muriellen Valeska', 26, 'img-002.jpg', '2016-06-24 21:23:38', 1),
(9, 'Adileusa Monteiro', 56, 'img-003.jpg', '2016-06-24 21:23:38', 1),
(10, 'Daniel Monteiro', 20, 'img-004.jpg', '2016-06-24 21:23:38', 1),
(11, 'Samuel Monteiro', 20, 'img-002.jpg', '2017-03-12 23:57:24', 1),
(12, 'Juscelio Dutra', 28, 'img-003.jpg', '2017-03-12 23:57:25', 1),
(13, 'Ana Paula', 30, 'img-004.jpg', '2017-03-12 23:57:25', 1),
(14, 'Aline Pereira', 26, 'img-001.jpg', '2017-03-12 23:57:25', 1),
(15, 'Romildo Rodrigues', 42, 'img-002.jpg', '2017-03-12 23:57:25', 1),
(16, 'Kilter Sena', 32, 'img-003.jpg', '2017-03-12 23:57:25', 1),
(17, 'Saulo Tinoco', 31, 'img-002.jpg', '2017-03-15 02:13:26', 1),
(18, 'Silas Tinoco', 28, 'img-001.jpg', '2017-03-15 02:13:26', 1),
(19, 'David Luccas', 20, 'img-004.jpg', '2017-03-15 02:13:27', 1),
(20, 'George Luccas', 18, 'img-003.jpg', '2017-03-15 02:13:27', 1),
(21, 'Mara Monteiro', 46, 'img-002.jpg', '2017-03-14 23:27:51', 0),
(22, 'João Corino', 56, 'img-004.jpg', '2017-03-14 23:27:51', 0);

-- --------------------------------------------------------

--
-- Estrutura da tabela `tb_criterios`
--

CREATE TABLE IF NOT EXISTS `tb_criterios` (
  `idCriterios` int(11) NOT NULL AUTO_INCREMENT,
  `criterio` varchar(50) COLLATE utf8_unicode_ci NOT NULL,
  `descricao` text COLLATE utf8_unicode_ci NOT NULL,
  PRIMARY KEY (`idCriterios`)
) ENGINE=InnoDB  DEFAULT CHARSET=utf8 COLLATE=utf8_unicode_ci AUTO_INCREMENT=6 ;

--
-- Extraindo dados da tabela `tb_criterios`
--

INSERT INTO `tb_criterios` (`idCriterios`, `criterio`, `descricao`) VALUES
(1, 'VOZ E AFINACAO', 'Tem em conta não só as capacidades vocais do concorrente, mas também o timbre e a forma como coloca a voz a cantar e respectiva afinação.'),
(2, 'RITMO E TEMPO', 'Tem em conta a forma como o concorrente coloca a melodia no tempo do tema, ou seja, a marcação correcta (ou não) das frases musicais.'),
(3, 'INTERPRETACAO', 'Tem em conta a forma como o concorrente sente e transmite vocalmente o tema que está a interpretar, ou seja, a emoção que transmite na sua atuação.'),
(4, 'PRESENCA EM PALCO ', 'Tem em conta a forma como o concorrente se exibe no palco e a sua interacção com a audiência. São aspectos positivos a forma como se movimenta, o olhar para a audiência, os gestos adequados, sempre de acordo com o tema que canta. São aspectos negativos a permanência estática e as mãos nos bolsos.'),
(5, 'NOTA DO APARELHO', 'O aparelho utiliza um sistema próprio que analiza alguns dos critérios anteriores e pontua de 0 a 100. Utiliza também um sitema de dificuldade para elevar o grau de pontuação, onde Alto dá uma melhor pontuação, Médio dá uma pontuação mediana e Baixa dá uma pontuação baixa, o que exige que o candidato se esforce mais para poder obter notas altas. O sistema usado nesse torneio será o Baixa.');

-- --------------------------------------------------------

--
-- Estrutura da tabela `tb_duplas`
--

CREATE TABLE IF NOT EXISTS `tb_duplas` (
  `idDuplas` int(11) NOT NULL AUTO_INCREMENT,
  `idFases` int(11) NOT NULL,
  `idCandidatos` int(11) NOT NULL,
  `grupo` varchar(1) COLLATE utf8_unicode_ci NOT NULL,
  PRIMARY KEY (`idDuplas`),
  KEY `idFases` (`idFases`,`idCandidatos`),
  KEY `idCandidatos` (`idCandidatos`)
) ENGINE=InnoDB  DEFAULT CHARSET=utf8 COLLATE=utf8_unicode_ci AUTO_INCREMENT=11 ;

--
-- Extraindo dados da tabela `tb_duplas`
--

INSERT INTO `tb_duplas` (`idDuplas`, `idFases`, `idCandidatos`, `grupo`) VALUES
(1, 2, 1, 'A'),
(2, 2, 17, 'B'),
(3, 2, 4, 'A'),
(4, 2, 13, 'B'),
(5, 2, 2, 'A'),
(6, 2, 11, 'B'),
(7, 2, 18, 'A'),
(8, 2, 5, 'B'),
(9, 2, 14, 'A'),
(10, 2, 7, 'B');

-- --------------------------------------------------------

--
-- Estrutura da tabela `tb_fases`
--

CREATE TABLE IF NOT EXISTS `tb_fases` (
  `idFases` int(11) NOT NULL AUTO_INCREMENT,
  `nome` varchar(50) COLLATE utf8_unicode_ci NOT NULL,
  PRIMARY KEY (`idFases`)
) ENGINE=InnoDB  DEFAULT CHARSET=utf8 COLLATE=utf8_unicode_ci AUTO_INCREMENT=4 ;

--
-- Extraindo dados da tabela `tb_fases`
--

INSERT INTO `tb_fases` (`idFases`, `nome`) VALUES
(1, 'Primeira Fase'),
(2, 'Segunda Fase'),
(3, 'Terceira Fase - Final');

-- --------------------------------------------------------

--
-- Estrutura da tabela `tb_final`
--

CREATE TABLE IF NOT EXISTS `tb_final` (
  `idFinal` int(11) NOT NULL AUTO_INCREMENT,
  `idFases` int(11) NOT NULL,
  `idCandidatos` int(11) NOT NULL,
  `grupo` varchar(1) COLLATE utf8_unicode_ci NOT NULL,
  PRIMARY KEY (`idFinal`),
  KEY `idFases` (`idFases`),
  KEY `idCandidatos` (`idCandidatos`)
) ENGINE=InnoDB  DEFAULT CHARSET=utf8 COLLATE=utf8_unicode_ci AUTO_INCREMENT=6 ;

--
-- Extraindo dados da tabela `tb_final`
--

INSERT INTO `tb_final` (`idFinal`, `idFases`, `idCandidatos`, `grupo`) VALUES
(1, 3, 1, 'A'),
(2, 3, 13, 'B'),
(3, 3, 2, 'A'),
(4, 3, 18, 'A'),
(5, 3, 7, 'B');

-- --------------------------------------------------------

--
-- Estrutura da tabela `tb_forma_duplas`
--

CREATE TABLE IF NOT EXISTS `tb_forma_duplas` (
  `idFormaDuplas` int(11) NOT NULL AUTO_INCREMENT,
  `idFases` int(1) NOT NULL,
  `idCandidatos` int(1) NOT NULL,
  `grupo` varchar(1) COLLATE utf8_unicode_ci NOT NULL,
  PRIMARY KEY (`idFormaDuplas`),
  KEY `idFases` (`idFases`),
  KEY `idCandidatos` (`idCandidatos`)
) ENGINE=InnoDB  DEFAULT CHARSET=utf8 COLLATE=utf8_unicode_ci AUTO_INCREMENT=11 ;

--
-- Extraindo dados da tabela `tb_forma_duplas`
--

INSERT INTO `tb_forma_duplas` (`idFormaDuplas`, `idFases`, `idCandidatos`, `grupo`) VALUES
(1, 2, 1, 'A'),
(2, 2, 4, 'A'),
(3, 2, 2, 'A'),
(4, 2, 18, 'A'),
(5, 2, 14, 'A'),
(6, 2, 7, 'B'),
(7, 2, 5, 'B'),
(8, 2, 11, 'B'),
(9, 2, 13, 'B'),
(10, 2, 17, 'B');

-- --------------------------------------------------------

--
-- Estrutura da tabela `tb_grupos`
--

CREATE TABLE IF NOT EXISTS `tb_grupos` (
  `idGrupos` int(11) NOT NULL AUTO_INCREMENT,
  `idCandidatos` int(11) NOT NULL,
  `grupo` varchar(1) COLLATE utf8_unicode_ci NOT NULL,
  PRIMARY KEY (`idGrupos`),
  KEY `idCandidatos` (`idCandidatos`)
) ENGINE=InnoDB  DEFAULT CHARSET=utf8 COLLATE=utf8_unicode_ci AUTO_INCREMENT=21 ;

--
-- Extraindo dados da tabela `tb_grupos`
--

INSERT INTO `tb_grupos` (`idGrupos`, `idCandidatos`, `grupo`) VALUES
(1, 14, 'A'),
(2, 9, 'A'),
(3, 8, 'A'),
(4, 18, 'A'),
(5, 16, 'A'),
(6, 19, 'A'),
(7, 3, 'A'),
(8, 4, 'A'),
(9, 2, 'A'),
(10, 1, 'A'),
(11, 7, 'B'),
(12, 20, 'B'),
(13, 17, 'B'),
(14, 11, 'B'),
(15, 10, 'B'),
(16, 5, 'B'),
(17, 12, 'B'),
(18, 13, 'B'),
(19, 15, 'B'),
(20, 6, 'B');

-- --------------------------------------------------------

--
-- Estrutura da tabela `tb_jurados`
--

CREATE TABLE IF NOT EXISTS `tb_jurados` (
  `idJurados` int(11) NOT NULL AUTO_INCREMENT,
  `idCriterios` int(11) NOT NULL,
  `nome` varchar(50) COLLATE utf8_unicode_ci NOT NULL,
  `biografia` text COLLATE utf8_unicode_ci NOT NULL,
  PRIMARY KEY (`idJurados`),
  KEY `idCriterios` (`idCriterios`)
) ENGINE=InnoDB  DEFAULT CHARSET=utf8 COLLATE=utf8_unicode_ci AUTO_INCREMENT=5 ;

--
-- Extraindo dados da tabela `tb_jurados`
--

INSERT INTO `tb_jurados` (`idJurados`, `idCriterios`, `nome`, `biografia`) VALUES
(1, 1, 'Vinicius Vieira', 'Timbre e afinação única, Vinicius Vieira é um dos mais experientes músicos da região, conhecido pelo seu estilo musica voltado a MPB.'),
(2, 2, 'Daia Tonkeslk', 'Cantora de voz suave e melodia cativante, Daia se apresenta em casas de show da região, com um estilo musical mais voltado para o sertanejo universitário e pop.'),
(3, 3, 'Suelton Camara', 'Suelton Câmara é um tradicional fotógrafo e publicitário de Planaltina-GO e já trabalhou com diversos artistas da cidade.'),
(4, 4, 'Eli Jhon', 'Excelente músico instrumentista com fortes raízes no forró. Eli Jhon se destacou tocando teclado e accordeon.');

-- --------------------------------------------------------

--
-- Estrutura da tabela `tb_lista_principal`
--

CREATE TABLE IF NOT EXISTS `tb_lista_principal` (
  `idListaPrincipal` int(11) NOT NULL AUTO_INCREMENT,
  `interprete` varchar(50) COLLATE utf8_unicode_ci NOT NULL,
  `codigo` int(11) NOT NULL,
  `titulo` varchar(50) COLLATE utf8_unicode_ci NOT NULL,
  `inicio` varchar(255) COLLATE utf8_unicode_ci NOT NULL,
  `idioma` varchar(50) COLLATE utf8_unicode_ci NOT NULL,
  PRIMARY KEY (`idListaPrincipal`)
) ENGINE=InnoDB  DEFAULT CHARSET=utf8 COLLATE=utf8_unicode_ci AUTO_INCREMENT=1563 ;

--
-- Extraindo dados da tabela `tb_lista_principal`
--

INSERT INTO `tb_lista_principal` (`idListaPrincipal`, `interprete`, `codigo`, `titulo`, `inicio`, `idioma`) VALUES
(1, 'Paula Fernandes-Almir Sater', 1145, 'JEITO DE MATO', 'De onde é que vem esses olhos', 'BRA'),
(2, 'Fernando e Sorocaba', 1495, 'MADRI', 'Que saudade amor estou sabendo que aí', 'BRA'),
(3, 'Alexandre Pires', 1532, 'MULHER DAS ESTRELAS', 'Ela canta demais ela sabe o que diz', 'BRA'),
(4, 'Alexandre Pires', 1558, 'LEVE TUDO COM VOCÊ', 'Como pude mentir o meu bem eu traí', 'BRA'),
(5, 'Zezé Di Camargo e Luciano', 1658, 'MENTES TÃO BEM', 'Me promete amor sincero uma vida in', 'BRA'),
(6, 'Luan Santana', 1832, 'AMAR NÃO É PECADO', 'Eu não sei', 'BRA'),
(7, 'Paula Fernandes-Víctor e Léo', 1837, 'NÃO PRECISA', 'Você diz que não precisa', 'BRA'),
(8, 'Charlie Brown Jr.', 2846, 'CÉU AZUL', 'Tão natural quanto a luz do dia', 'BRA'),
(9, 'Roberto Carlos', 2865, 'ESSE CARA SOU EU', 'O cara que pensa em você toda hora', 'BRA'),
(10, 'Erasmo Carlos-Renato Russo', 2881, 'A CARTA', 'Escrevo-te estas mal traçadas linhas', 'BRA'),
(11, 'Jorge Benjor', 3001, 'A BANDA DO ZÉ PRETINHO', 'A banda do Zé Pretinho chegou...', 'BRA'),
(12, 'Kid Abelha', 3002, 'A FÓRMULA DO AMOR', 'Eu tenho gestos aptos sei...', 'BRA'),
(13, 'Ronnie Von', 3003, 'A PRAÇA', 'Hoje eu acordei com saudades de você', 'BRA'),
(14, 'Royce do Cavaco', 3004, 'A SAUDADE DÓI', 'Não ligue pro que aconteceu', 'BRA'),
(15, 'Roupa Nova', 3005, 'A VIAGEM', 'Há tanto tempo que eu deixei você', 'BRA'),
(16, 'Elis Regina', 3006, 'ÁGUAS DE MARÇO', 'É pau é pedra é o fim do cami...', 'BRA'),
(17, 'Ataulfo Alves', 3007, 'AI! QUE SAUDADE DA AMÉLIA', 'Nunca vi fazer tanta exigência', 'BRA'),
(18, 'Marina Lima', 3008, 'AINDA É CEDO', 'Uma menina me ensinou', 'BRA'),
(19, 'Marisa Monte', 3009, 'AINDA LEMBRO', 'Ainda lembro o que passou', 'BRA'),
(20, 'Peri Ribeiro', 3010, 'ALGUÉM COMO TU', 'Alguém como tu', 'BRA'),
(21, 'Fábio Jr.', 3011, 'ALMA GÊMEA', 'Por você eu tenho feito e faço tudo', 'BRA'),
(22, 'Roberto Carlos', 3012, 'AMADA AMANTE', 'Esse amor demais antigo', 'BRA'),
(23, 'Netinho', 3013, 'AMOR CALIENTE', 'Convidei-a para dançar', 'BRA'),
(24, 'Severino Araújo', 3014, 'ANOS DOURADOS', 'Parece que dizes te amo Maria', 'BRA'),
(25, 'Belchior', 3015, 'APENAS UM RAPAZ LATINO AMERICANO', 'Eu sou apenas um rapaz', 'BRA'),
(26, 'Gal Costa', 3016, 'AQUARELA DO BRASIL', 'Brasil meu Brasil brasileiro...', 'BRA'),
(27, 'Ara Ketu', 3017, 'ARA KETU BOM DEMAIS', 'Não dá pra esconder', 'BRA'),
(28, 'Cartola', 3018, 'AS ROSAS NÃO FALAM', 'Bate outra vez com esperanças', 'BRA'),
(29, 'Luiz Gonzaga', 3019, 'ASA BRANCA', 'Quando olhei a terra ardendo', 'BRA'),
(30, 'Zizi Possi', 3020, 'ASA MORENA', 'Me faz pequena asa morena', 'BRA'),
(31, 'Lulu Santos', 3021, 'ASSIM CAMINHA A HUMANIDADE', 'Ainda vai levar um tempo', 'BRA'),
(32, 'Ataulfo Alves', 3022, 'ATIRE A PRIMEIRA PEDRA', 'Covarde sei que me podem chamar', 'BRA'),
(33, 'Banda Mel', 3023, 'BAIANIDADE NAGÔ', 'Êh ôh êh ôh laiá... Já pintou verão calor no', 'BRA'),
(34, 'Gal Costa', 3024, 'BALANCÊ', 'Oh balancê balancê quero...', 'BRA'),
(35, 'Rita Lee', 3025, 'BANHO DE ESPUMA', 'Que tal nós dois numa banheira', 'BRA'),
(36, 'Celly Campello', 3026, 'BANHO DE LUA', 'Tomo um banho de lua fico branca com', 'BRA'),
(37, 'Elba Ramalho', 3027, 'BATE CORAÇÃO', 'Bate bate bate coração', 'BRA'),
(38, 'Banda Mel', 3028, 'BATEU SAUDADE', 'Jura jura que me dá o seu amor', 'BRA'),
(39, 'Negritude Júnior', 3029, 'BEIJO GELADINHO', 'Tô te vendo tô sentindo...', 'BRA'),
(40, 'Marisa Monte', 3030, 'BEM QUE SE QUIS', 'Bem que se quis depois de tudo ainda ser', 'BRA'),
(41, 'Mariane', 3031, 'BERIMBOLANDO O PÁ-DE-DÊ', 'Atirei o pau no gato mas não sei', 'BRA'),
(42, 'Ed Wilson', 3032, 'BIQUINI DE BOLINHA AMARELINHA', 'Ana Maria entrou na cabine', 'BRA'),
(43, 'Moraes Moreira', 3033, 'BRASIL PANDEIRO', 'Chegou a hora dessa gente bronzeada', 'BRA'),
(44, 'Xuxa', 3034, 'BRINCAR DE ÍNDIO', 'Ôh ôh ôh ôh... Vamos brincar de índio mas', 'BRA'),
(45, 'Chitãozinho e Xororó', 3035, 'BRINCAR DE SER FELIZ', 'Tranquei a porta do meu peito', 'BRA'),
(46, 'Fábio Jr.', 3036, 'CAÇA E CAÇADOR', 'Você pintou como um sonho', 'BRA'),
(47, 'Molejo', 3037, 'CAÇAMBA', 'Traz a caçamba traz a caçamba', 'BRA'),
(48, 'Leandro e Leonardo', 3038, 'CADÊ VOCÊ', 'O tempo vai o tempo vem a...', 'BRA'),
(49, 'Milton Nascimento', 3039, 'CANÇÃO DA AMÉRICA', 'Amigo é coisa pra se guardar', 'BRA'),
(50, 'Netinho', 3040, 'CAPRICHO DOS DEUSES', 'Numa noite de lua ah uma...', 'BRA'),
(51, 'Rita Lee', 3041, 'CASO SÉRIO', 'Eu fico pensando em nós dois', 'BRA'),
(52, 'Zélia Duncan', 3042, 'CATEDRAL', 'O deserto que atravessei', 'BRA'),
(53, 'Larissa e William', 3043, 'CAVALEIROS DO ZODÍACO', 'Tem sempre alguém no...', 'BRA'),
(54, 'Música Junina', 3044, 'CHEGOU A HORA DA FOGUEIRA', 'Chegou a hora da fogueira', 'BRA'),
(55, 'Guilherme Arantes', 3045, 'CHEIA DE CHARME', 'Quando a vi logo ali tão perto...', 'BRA'),
(56, 'Raça Negra', 3046, 'CHEIA DE MANIAS', 'Cheia de manias toda dengosa', 'BRA'),
(57, 'Mamonas Assassinas', 3047, 'CHOPIS CENTIS', 'Eu di um beijo nela', 'BRA'),
(58, 'Jorge Benjor', 3048, 'CHOVE CHUVA', 'Chove chuva chove sem parar...', 'BRA'),
(59, 'Raça Negra', 3049, 'CIÚME DE VOCÊ', 'Se você demora mais um pouco eu fico louco', 'BRA'),
(60, 'Roberto Carlos', 3050, 'COISA BONITA', 'Amo você assim e não sei pra que', 'BRA'),
(61, 'Gonzaguinha', 3051, 'COMEÇARIA TUDO OUTRA VEZ', 'Começaria tudo outra vez...', 'BRA'),
(62, 'Lulu Santos', 3052, 'COMO UMA ONDA', 'Nada do que foi será', 'BRA'),
(63, 'Netinho', 3053, 'COMO?', 'Como vou deixar você', 'BRA'),
(64, 'Dick Farney', 3054, 'COPACABANA', 'Existem praias tão lindas ...', 'BRA'),
(65, 'Sérgio Reis', 3055, 'CORAÇÃO DE PAPEL', 'Se você pensa que meu coração...', 'BRA'),
(66, 'Zezé Di Camargo e Luciano', 3056, 'CORAÇÃO ESTÁ EM PEDAÇOS', 'Hoje eu vim te procurar a saudade', 'BRA'),
(67, 'Lulu Santos', 3057, 'DE REPENTE CALIFÓRNIA', 'Garota eu vou pra Califórnia', 'BRA'),
(68, 'Leny Andrade', 3058, 'DEIXA', 'Deixa fale quem quiser falar meu bem deixa', 'BRA'),
(69, 'Guilherme Arantes', 3059, 'DEIXA CHOVER', 'Certos dias de chuva...', 'BRA'),
(70, 'Alcione', 3060, 'DELÍRIO DO AMOR (CHAMEGO)', 'Você acaba dando um jeito', 'BRA'),
(71, 'Rita Lee', 3061, 'DESCULPE O AUÊ', 'Desculpe o auê', 'BRA'),
(72, 'Leandro e Leonardo', 3062, 'DESCULPE, MAS EU VOU CHORAR', 'As luzes da cidade acesas...', 'BRA'),
(73, 'Roberto Carlos', 3063, 'DETALHES', 'Não adianta nem tentar', 'BRA'),
(74, 'Elba Ramalho', 3064, 'DO JEITO QUE A GENTE GOSTA', 'Cai cai morena no fuá que ainda é ce', 'BRA'),
(75, 'Rita Lee', 3065, 'DOCE VAMPIRO', 'Venha me beijar meu doce vampiro', 'BRA'),
(76, 'Só Pra Contrariar', 3066, 'DÓI DEMAIS', 'Tá doendo sim tá doendo em mim', 'BRA'),
(77, 'Elis Regina', 3067, 'DOIS PRA LÁ DOIS PRA CÁ', 'Sentindo frio em minha''lma', 'BRA'),
(78, 'Roupa Nova', 3068, 'DONA', 'Dona desses traiçoeiros', 'BRA'),
(79, 'Trem da Alegria', 3069, 'É DE CHOCOLATE', 'Por detrás do arco íris além do horizonte', 'BRA'),
(80, 'Caetano Veloso', 3070, 'É HOJE', 'A minha alegria atravessou o mar', 'BRA'),
(81, 'Zezé Di Camargo e Luciano', 3071, 'É O AMOR', 'Eu não vou negar que sou louco por você', 'BRA'),
(82, 'Raça Negra', 3072, 'É TARDE DEMAIS', 'Olha só você depois de me perder', 'BRA'),
(83, 'Kid Abelha', 3073, 'EDUCAÇÃO SENTIMENTAL II', 'A vida que me ensinaram...', 'BRA'),
(84, 'Roberto Carlos', 3074, 'EMOÇÕES', 'Quando eu estou aqui', 'BRA'),
(85, 'Engenheiros do Hawaí', 3075, 'ERA UM GAROTO QUE COMO EU', 'Era um garoto que como eu', 'BRA'),
(86, 'Tetê Espíndola', 3076, 'ESCRITO NAS ESTRELAS', 'Você pra mim foi o sol', 'BRA'),
(87, 'Skank', 3077, 'ESMOLA', 'Uma esmola pelo amor de Deus', 'BRA'),
(88, 'Sá e Guarabyra', 3078, 'ESPANHOLA', 'Por tantas vezes eu andei mentindo', 'BRA'),
(89, 'Patrícia Marx', 3079, 'ESPELHO D''ÁGUA', 'Hum seus olhos são espelhos d''água', 'BRA'),
(90, 'Roberto Carlos', 3080, 'ESQUEÇA (FORGET HIM)', 'Esqueça se ele não te ama', 'BRA'),
(91, 'Só Pra Contrariar', 3081, 'ESSA TAL LIBERDADE', 'O que é que eu vou fazer com essa tal', 'BRA'),
(92, 'Lupicínio Rodrigues', 3082, 'ESSES MOÇOS', 'Estes moços pobres moços', 'BRA'),
(93, 'Raça Negra', 3083, 'ESTOU MAL', 'Eu pensei que fosse fácil te esquecer', 'BRA'),
(94, 'Banda Cheiro de Amor', 3084, 'ESTRELA PRIMEIRA', 'É luz do meu ser a fonte mais pura do viver', 'BRA'),
(95, 'Celly Campello', 3085, 'ESTÚPIDO CUPIDO', 'Oh oh cupido vê se deixa em paz', 'BRA'),
(96, 'Grupo Raça', 3086, 'EU E ELA', 'Numa linda noite bela saímos...', 'BRA'),
(97, 'Roberto Carlos', 3087, 'EU E ELA', 'Um grande amor começa agora', 'BRA'),
(98, 'Razão Brasileira', 3088, 'EU MENTI', 'Eu menti quando disse que não te queria', 'BRA'),
(99, 'Raul Seixas', 3089, 'EU NASCI HÁ DEZ MIL ANOS ATRÁS', 'Um dia numa rua da cidade eu vi um', 'BRA'),
(100, 'Legião Urbana', 3090, 'EU SEI', 'Sexo verbal não faz meu...', 'BRA'),
(101, 'Dominguinhos', 3091, 'EU SÓ QUERO UM XODÓ', 'A sa ca po re iê mo dum ô hô ma bê', 'BRA'),
(102, 'Zezé Di Camargo e Luciano', 3092, 'EU TE AMO (AND I LOVE HER)', 'Foi tanto que eu te amei', 'BRA'),
(103, 'Banda Brasil', 3093, 'EU TE AMO, TE AMO, TE AMO', 'Tanto tempo longe de você', 'BRA'),
(104, 'Chitãozinho e Xororó', 3094, 'EVIDÊNCIAS', 'Quando eu digo que deixei de te amar', 'BRA'),
(105, 'Cazuza', 3095, 'EXAGERADO', 'Amor da minha vida', 'BRA'),
(106, 'Maria Bethânia', 3096, 'EXPLODE CORAÇÃO', 'Chega de tentar dissimular e disfarça', 'BRA'),
(107, 'Guilherme Arantes', 3097, 'ÊXTASE', 'Eu nem sonhava te amar...', 'BRA'),
(108, 'Leandro e Leonardo', 3098, 'FAZ MAIS UMA VEZ COMIGO', 'Não paro de rolar na cama...', 'BRA'),
(109, 'Cazuza', 3099, 'FAZ PARTE DO MEU SHOW', 'Te pego na escola e encho a tua bola', 'BRA'),
(110, 'Xuxa', 3100, 'FESTA DO ESTICA E PUXA', 'E todos dançam pega estica e puxa', 'BRA'),
(111, 'Gal Costa', 3101, 'FESTA DO INTERIOR', 'Fagulhas pontas de agulhas...', 'BRA'),
(112, 'Chitãozinho e Xororó', 3102, 'FIO DE CABELO', 'Quando a gente ama qualquer coisa ser', 'BRA'),
(113, 'Rita Lee', 3103, 'FLAGRA', 'Xá xap xap xa á... No escurinho do cinema', 'BRA'),
(114, 'Djavan', 3104, 'FLOR DE LIZ', 'Valei-me Deus é o fim do nosso amor', 'BRA'),
(115, 'Wando', 3105, 'FOGO E PAIXÃO', 'Você é luz é raio estrela e luar manhã de sol', 'BRA'),
(116, 'Elba Ramalho', 3106, 'FOLIA BRASILEIRA', 'Tem que ter molejo meu bem', 'BRA'),
(117, 'Royce do Cavaco', 3107, 'FRENTE À FRENTE', 'A gente se enganou pensando que era', 'BRA'),
(118, 'Marina Lima', 3108, 'FULLGÁS', 'Meu mundo você é quem faz', 'BRA'),
(119, 'Os Cariocas', 3109, 'GAROTA DE IPANEMA', 'Olha que coisa mais linda', 'BRA'),
(120, 'Tim Maia', 3110, 'GOSTAVA TANTO DE VOCÊ', 'Não sei por que você se foi', 'BRA'),
(121, 'Maria Bethânia', 3111, 'GOSTOSO DEMAIS', 'Tô com saudade de tu meu desejo', 'BRA'),
(122, 'Legião Urbana', 3112, 'HÁ TEMPOS', 'Parece cocaína mas é só...', 'BRA'),
(123, 'Hino do Corinthians', 3113, 'HINO DO CORINTHIANS', 'Salve o Corinthians...', 'BRA'),
(124, 'Ney Matogrosso', 3114, 'HOMEM COM "H"', 'Nunca vi rastro de cobra', 'BRA'),
(125, 'Xuxa', 3115, 'ILARIÊ', 'Tá na hora tá na hora', 'BRA'),
(126, 'Negritude Júnior', 3116, 'INDIFERENÇA', 'A gente já não fala mais...', 'BRA'),
(127, 'Grupo Pirraça', 3117, 'INIGUALÁVEL PAIXÃO', 'És inigualável na arte de amar...', 'BRA'),
(128, 'Dominguinhos', 3118, 'ISSO AQUI TÁ BOM DEMAIS', 'Olha isso aqui tá muito bom', 'BRA'),
(129, 'Skank', 3119, 'JACKIE TEQUILA', 'Funk lá no morro da mangueira', 'BRA'),
(130, 'Raça Negra', 3120, 'JEITO FELINO', 'Só de pensar que sua boca', 'BRA'),
(131, 'Elba Ramalho', 3121, 'JOGO DE CINTURA', 'Você tem que ter jogo de cintura', 'BRA'),
(132, 'Cravo e Canela', 3122, 'LÁ VEM NEGÃO', 'Lá vem o negão cheio de paixão', 'BRA'),
(133, 'Mamonas Assassinas', 3123, 'LÁ VEM O ALEMÃO', 'Só de pensar que nós dois éramos dois', 'BRA'),
(134, 'Rita Lee', 3124, 'LANÇA PERFUME', 'Lança menina lança todo esse perfume', 'BRA'),
(135, 'Guilherme Arantes', 3125, 'LANCE LEGAL', 'Caminhar ao seu lado...', 'BRA'),
(136, 'Hino do Santos', 3126, 'HINO DO SANTOS (LEÃO DO MAR)', 'Santos Santos Gol...', 'BRA'),
(137, 'Fagner', 3127, 'LEMBRANÇAS DE UM BEIJO', 'Quando a saudade invade o ...', 'BRA'),
(138, 'Emílio Santiago', 3128, 'LESÕES CORPORAIS', 'Nós dois já não somos os mesmos não dá', 'BRA'),
(139, 'Pirlimpimpim', 3129, 'LINDO BALÃO AZUL', 'Eu vivo sempre no mundo da lua', 'BRA'),
(140, 'Djavan', 3130, 'LINHA DO EQUADOR', 'Luz das estrelas laço do infinito', 'BRA'),
(141, 'Elis Regina', 3131, 'MADALENA', 'Oh Madalena o meu peito percebeu que o mar', 'BRA'),
(142, 'Blitz', 3132, 'MAIS UMA DE AMOR', 'Perdi meu amor no paraíso', 'BRA'),
(143, 'Raul Seixas', 3133, 'MALUCO BELEZA', 'Enquanto você se esforça pra ser', 'BRA'),
(144, 'Wilson Simonal', 3134, 'MAMÃE PASSOU AÇÚCAR EM MIM', 'Eu sei que tenho muitos garotos', 'BRA'),
(145, 'Rita Lee', 3135, 'MANIA DE VOCÊ', 'Meu bem você me dá água na boca', 'BRA'),
(146, 'Ed Motta', 3136, 'MANUEL', 'Manuel foi pro céu Manuel foi pro céu', 'BRA'),
(147, 'Raça Negra', 3137, 'MARAVILHA', 'Foi bom te encontrar foi bom te', 'BRA'),
(148, 'Sem Compromisso', 3138, 'MARIANA, PARTE MINHA', 'Se eu beijar a sua boca', 'BRA'),
(149, 'Dick Farney', 3139, 'MARINA', 'Marina morena Marina você se pintou', 'BRA'),
(150, 'Os Morenos', 3140, 'MARROM BOM BOM', 'A gente tem tudo pra dar certo', 'BRA'),
(151, 'Emílio Santiago', 3141, 'MASCARADO', 'Vejo agora este teu lindo ...', 'BRA'),
(152, 'Jamelão', 3142, 'MATRIZ OU FILIAL', 'Quem sou eu pra ter direitos...', 'BRA'),
(153, 'Lobão', 3143, 'ME CHAMA', 'Chove lá fora e aqui', 'BRA'),
(154, 'Latino', 3144, 'ME LEVA', 'Moça eu não sei mais o que...', 'BRA'),
(155, 'Copacabana Beat', 3145, 'ME LEVA CONTIGO', 'Baby fala comigo diz se eu...', 'BRA'),
(156, 'Raça Negra', 3146, 'ME LEVA JUNTO COM VOCÊ', 'No mel do seu beijo tem o gosto do', 'BRA'),
(157, 'Raul Seixas', 3147, 'MEDO DA CHUVA', 'É pena que você pense que eu sou seu', 'BRA'),
(158, 'Copacabana Beat', 3148, 'MEL DA SUA BOCA', 'Como é doce o beijo quando', 'BRA'),
(159, 'Paralamas do Sucesso', 3149, 'MELÔ DO MARINHEIRO', 'Sabe de uma coisa rapaz', 'BRA'),
(160, 'Gera Samba', 3150, 'MELÔ DO TCHAN', 'Pau que nasce torto nunca se endireita', 'BRA'),
(161, 'Fafá de Belém', 3151, 'MEMÓRIAS', 'Você foi a maior das minhas amarguras', 'BRA'),
(162, 'Netinho', 3152, 'MENINA', 'Menina que um dia eu conheci criança', 'BRA'),
(163, 'Beto Barbosa', 3153, 'MEU AMOR NÃO VÁ EMBORA', 'Meu amor não vá embora não', 'BRA'),
(164, 'Djavan', 3154, 'MEU BEM QUERER', 'Meu bem querer é segredo é sagrado', 'BRA'),
(165, 'Paralamas do Sucesso', 3155, 'MEU ERRO', 'Eu quis dizer você não quis escutar', 'BRA'),
(166, 'Guilherme Arantes', 3156, 'MEU MUNDO E NADA MAIS', 'Quando eu fui ferido vi tudo...', 'BRA'),
(167, 'Joanna', 3157, 'MEU PRIMEIRO AMOR', 'Saudade palavra triste...', 'BRA'),
(168, 'Mastruz Com Leite', 3158, 'MEU VAQUEIRO MEU PEÃO', 'Lá vem montado em seu alazão', 'BRA'),
(169, 'Erasmo Carlos', 3159, 'MINHA FAMA DE MAU', 'Meu bem às vezes diz', 'BRA'),
(170, 'Wando', 3160, 'MOÇA', 'Moça me espere amanhã', 'BRA'),
(171, 'Wando', 3161, 'MORDIDA NA MAÇÃ', 'Eu queria me esconder um dia desses', 'BRA'),
(172, 'Zezé Di Camargo e Luciano', 3162, 'MUDA DE VIDA', 'Não sei aonde eu ando com a cabeça', 'BRA'),
(173, 'Dalto', 3163, 'MUITO ESTRANHO', 'Hum mas se um dia eu chegar muito estranho', 'BRA'),
(174, 'Roberto Carlos', 3164, 'MULHER PEQUENA', 'Quando uma mulher pequena', 'BRA'),
(175, 'Capital Inicial', 3165, 'MÚSICA URBANA', 'Contra todos contra ninguém', 'BRA'),
(176, 'Kid Abelha', 3166, 'NADA POR MIM', 'Você me tem fácil de mais...', 'BRA'),
(177, 'Latino', 3167, 'NÃO ADIANTA CHORAR', 'Eu te levei a sério fiz tudo...', 'BRA'),
(178, 'Leandro e Leonardo', 3168, 'NÃO APRENDI DIZER ADEUS', 'Não aprendi dizer adeus...', 'BRA'),
(179, 'Alcione', 3169, 'NÃO DEIXE O SAMBA MORRER', 'Não deixe o samba morrer', 'BRA'),
(180, 'Tim Maia', 3170, 'NÃO QUERO DINHEIRO SÓ QUERO AMAR', 'Vou pedir pra você voltar', 'BRA'),
(181, 'Maria Bethânia', 3171, 'NEGUE', 'Negue seu amor o seu carinho', 'BRA'),
(182, 'Chitãozinho e Xororó', 3172, 'NO RANCHO FUNDO', 'No Rancho Fundo bem pra lá do fim do', 'BRA'),
(183, 'Zizi Possi', 3173, 'NOITE', 'Eu fico quieta num canto', 'BRA'),
(184, 'Música Junina', 3174, 'NOITES DE JUNHO', 'Noite fria tão fria de junho', 'BRA'),
(185, 'Ultraje a Rigor', 3175, 'NÓS VAMOS INVADIR SUA PRAIA', 'Daqui do morro dá pra ver tão legal', 'BRA'),
(186, 'Banda Cheiro de Amor', 3176, 'NOSSA GENTE (AVISA LÁ)', 'Avisa lá que eu vou chegar mais tarde', 'BRA'),
(187, 'Marina Lima', 3177, 'NOSSO ESTRANHO AMOR', 'Não quero sugar todo o seu leite', 'BRA'),
(188, 'Só Pra Contrariar', 3178, 'NOSSO SONHO NÃO É ILUSÃO', 'Estão falando pra eu tomar cuidado', 'BRA'),
(189, 'Fagner', 3179, 'NOTURNO', 'O aço dos meus olhos', 'BRA'),
(190, 'Fagner', 3180, 'NUNCA', 'Nunca nem que o mundo caia', 'BRA'),
(191, 'Chitãozinho e Xororó', 3181, 'NUVEM DE LÁGRIMAS', 'Há uma nuvem de lágrimas', 'BRA'),
(192, 'Maysa', 3182, 'O BARQUINHO', 'Dia de luz festa do sol e o barquinho', 'BRA'),
(193, 'Elis Regina', 3183, 'O BÊBADO E A EQUILIBRISTA', 'Caía a tarde feito um viaduto...', 'BRA'),
(194, 'Dorival Caymmi', 3184, 'O BEM E O MAL', 'Eu guardo em mim dois ...', 'BRA'),
(195, 'Ricardo Chaves', 3185, 'O BICHO', 'Quando o vento bater nos seus cabelos', 'BRA'),
(196, 'Eduardo Araújo', 3186, 'O BOM', 'Meu carro é vermelho', 'BRA'),
(197, 'Daniela Mercury', 3187, 'O CANTO DA CIDADE', 'A cor dessa cidade sou eu', 'BRA'),
(198, 'Guilherme Arantes', 3188, 'O MELHOR VAI COMEÇAR', 'Eu quero o sol ao despertar...', 'BRA'),
(199, 'Gonzaguinha', 3189, 'O QUE É O QUE É', 'Eu fico com a pureza da...', 'BRA'),
(200, 'Grupo Pirraça', 3190, 'O QUE É QUE EU VOU FAZER', 'Eu não passo de um brinquedo...', 'BRA'),
(201, 'Chico Buarque', 3191, 'O QUE SERÁ (A FLOR DA TERRA)', 'O que será que será', 'BRA'),
(202, 'Lulu Santos', 3192, 'O ÚLTIMO ROMÂNTICO', 'Faltava abandonar a velha escola', 'BRA'),
(203, 'Secos e Molhados', 3193, 'O VIRA', 'O gato preto cruzou a estrada', 'BRA'),
(204, 'Djavan', 3194, 'OCEANO', 'Assim que o dia amanheceu lá no mar alto', 'BRA'),
(205, 'Paralamas do Sucesso', 3195, 'ÓCULOS', 'Se as meninas do Leblon', 'BRA'),
(206, 'Raça Negra', 3196, 'OI (ESTOU TE AMANDO)', 'É legal demais ter você pra mim', 'BRA'),
(207, 'RPM', 3197, 'OLHAR 43', 'Seu corpo é o fruto proibido', 'BRA'),
(208, 'Maria Creuza', 3198, 'ONDE ANDA VOCÊ', 'E por falar em saudade', 'BRA'),
(209, 'Djavan', 3199, 'OUTONO', 'Um olhar uma luz', 'BRA'),
(210, 'Roberto Carlos', 3200, 'OUTRA VEZ', 'Você foi o maior dos meus casos', 'BRA'),
(211, 'Rita Lee', 3201, 'OVELHA NEGRA', 'Levava uma vida sossegada', 'BRA'),
(212, 'Legião Urbana', 3202, 'PAIS E FILHOS', 'Estátuas e cofres e paredes...', 'BRA'),
(213, 'Zezé Di Camargo e Luciano', 3203, 'PÃO DE MEL', 'Você é minha luz estrada meu caminho', 'BRA'),
(214, 'Molejo', 3204, 'PAPARICO', 'Menina vou lhe ser sincero', 'BRA'),
(215, 'Parabéns a Você', 3205, 'PARABÉNS A VOCÊ', 'Parabéns pra você nessa data querida', 'BRA'),
(216, 'Wanderléa', 3206, 'PARE O CASAMENTO', 'Antes de continuar a cerimônia', 'BRA'),
(217, 'Fábio Jr.', 3207, 'PAREÇO UM MENINO', 'Apenas você tem o dom de guiar meu de', 'BRA'),
(218, 'Leandro e Leonardo', 3208, 'PAZ NA CAMA', 'Quando alguém lhe perguntar...', 'BRA'),
(219, 'Música Junina', 3209, 'PEDRO, ANTÔNIO E JOÃO', 'Com a filha de João Antonio ia se casaar', 'BRA'),
(220, 'Mamonas Assassinas', 3210, 'PELADOS EM SANTOS', 'Mina seus cabelo é da hora', 'BRA'),
(221, 'Molejo', 3211, 'PENSAMENTO VERDE', 'Essa é a história de uma garota nova', 'BRA'),
(222, 'Raça Negra', 3212, 'PENSANDO EM VOCÊ', 'Sempre que estou sozinho fico pensando', 'BRA'),
(223, 'Emílio Santiago', 3213, 'PERFUME SIAMÊS', 'Mas que prazer te rever que bom te', 'BRA'),
(224, 'Zizi Possi', 3214, 'PERIGO', 'Nem quero saber se o clima...', 'BRA'),
(225, 'Djavan', 3215, 'PÉTALA', 'O seu amor...', 'BRA'),
(226, 'Kid Abelha', 3216, 'PINTURA ÍNTIMA', 'Vem amor que a hora é essa...', 'BRA'),
(227, 'Guilherme Arantes', 3217, 'PLANETA ÁGUA', 'Água que nasce na fonte...', 'BRA'),
(228, 'Chitãozinho e Xororó', 3218, 'PLANETA AZUL', 'A vida e a natureza sempre à mercê', 'BRA'),
(229, 'Leno e Lilian', 3219, 'POBRE MENINA', 'Pobre menina não tem...', 'BRA'),
(230, 'Banda Brasil', 3220, 'PODEROSA', 'Pode ser que eu consiga esquecer mas eu', 'BRA'),
(231, 'Marina Lima', 3221, 'PRA COMEÇAR', 'Pra começar quem vai colar os tais', 'BRA'),
(232, 'Sandy e Júnior', 3222, 'PRA DANÇAR COM VOCÊ', 'No baile da escola eu espero você', 'BRA'),
(233, 'Barão Vermelho', 3223, 'PRO DIA NASCER FELIZ', 'Todo o dia a insônia me convence que', 'BRA'),
(234, 'Wanderléa', 3224, 'PROVA DE FOGO', 'Esta é uma prova de fogo', 'BRA'),
(235, 'Música Junina', 3225, 'PULA A FOGUEIRA', 'Pula a fogueira iaiá', 'BRA'),
(236, 'Patrícia Marx', 3226, 'QUANDO CHOVE', 'Quando olho nos teus olhos', 'BRA'),
(237, 'Fábio Jr.', 3227, 'QUANDO GIRA O MUNDO', 'Tudo tudo pode acontecer', 'BRA'),
(238, 'Legião Urbana', 3228, 'QUANDO O SOL BATER', 'Quando o sol bater na janela...', 'BRA'),
(239, 'Legião Urbana', 3229, 'QUASE SEM QUERER', 'Tenho andado distraído...', 'BRA'),
(240, 'Legião Urbana', 3230, 'QUE PAÍS É ESTE', 'Nas favelas no senado...', 'BRA'),
(241, 'Raça Negra', 3231, 'QUE PENA', 'Que pena tudo acabar que pena você me', 'BRA'),
(242, 'Só Pra Contrariar', 3232, 'QUE SE CHAMA AMOR', 'Como é que uma coisa assim machuca ta', 'BRA'),
(243, 'Grupo Pirraça', 3233, 'QUEM DE NÓS', 'Quantas vezes eu te perguntei...', 'BRA'),
(244, 'Simone', 3234, 'QUEM É VOCÊ', 'Quem será que me chega na toca da noite', 'BRA'),
(245, 'Roberto Carlos', 3235, 'QUERO QUE VÁ TUDO PRO INFERNO', 'De que vale o céu azul e o sol', 'BRA'),
(246, 'Olodum', 3236, 'REQUEBRA', 'Oh Requebra requebra requebra sim', 'BRA'),
(247, 'Demétrius', 3237, 'O RITMO DA CHUVA', 'Olho para a chuva que não quer cessar', 'BRA'),
(248, 'Mamonas Assassinas', 3238, 'ROBOCOP GAY', 'Um tanto quanto másculo', 'BRA'),
(249, 'Juan Luis Guerra', 3239, 'ROMANCE ROSA', 'Eu te dei uma rosa que...', 'BRA'),
(250, 'Elis Regina', 3240, 'ROMARIA', 'É de sonho e de pó o destino de um só', 'BRA'),
(251, 'Maria Bethânia', 3241, 'RONDA', 'De noite eu rondo a cidade', 'BRA'),
(252, 'Eduardo Araújo', 3242, 'RUA AUGUSTA', 'Entrei na Rua Augusta a cento e vinte', 'BRA'),
(253, 'Mamonas Assassinas', 3243, 'SABÃO CRÁ-CRÁ', 'Sabão crá-crá', 'BRA'),
(254, 'Emílio Santiago', 3244, 'SAIGON', 'Tantas palavras meias palavras', 'BRA'),
(255, 'Demônios da Garoa', 3245, 'SAMBA DO "ARNESTO"', 'Paiz paiz paiz... O Arnesto nos convidô', 'BRA'),
(256, 'Caetano Veloso', 3246, 'SAMPA', 'Alguma coisa acontece no meu coração', 'BRA'),
(257, 'Cristina Monteiro', 3247, 'SANTA MADRUGADA', 'Talvez um dia a gente possa se encontrar', 'BRA'),
(258, 'Hino do São Paulo', 3248, 'HINO DO SÃO PAULO', 'Salve o Tri-color paulista...', 'BRA'),
(259, 'Augusto César', 3249, 'SAUDADE', 'Estou lendo a carta que você...', 'BRA'),
(260, 'Zezé Di Camargo e Luciano', 3250, 'SAUDADE BANDIDA', 'Outra vez meu coração te procura', 'BRA'),
(261, 'Demônios da Garoa', 3251, 'SAUDOSA MALOCA', 'Se o senhô não tá lembrado', 'BRA'),
(262, 'Djavan', 3252, 'SE...', 'Você disse que não sabe se não', 'BRA'),
(263, 'Roupa Nova', 3253, 'SEGUINDO NO TREM AZUL', 'Confessar sem medo de mentir', 'BRA'),
(264, 'Legião Urbana', 3254, 'SERÁ', 'Tire suas mãos de mim...', 'BRA'),
(265, 'Lulu Santos', 3255, 'SEREIA', 'Clara como a luz do sol', 'BRA'),
(266, 'Pepeu Gomes', 3256, 'SEXY YEMANJÁ', 'A noite vai ter lua cheia', 'BRA'),
(267, 'Djavan', 3257, 'SINA', 'Pai e mãe ouro de mina', 'BRA'),
(268, 'Raça Negra', 3258, 'SÓ COM VOCÊ', 'Eu não quero mais fazer amor à toa', 'BRA'),
(269, 'Nana Caymmi', 3259, 'SÓ LOUCO', 'Só louco amou como eu amei', 'BRA'),
(270, 'Sá e Guarabyra', 3260, 'SOBRADINHO', 'O homem chega e já desfaz a natureza', 'BRA'),
(271, 'Ivan Lins', 3261, 'SOMOS TODOS IGUAIS NESTA NOITE', 'Somos todos iguais nesta noite...', 'BRA'),
(272, 'Leandro e Leonardo', 3262, 'SONHO POR SONHO', 'Nunca imaginei que você...', 'BRA'),
(273, 'Alcione', 3263, 'SUFOCO', 'Não sei se vou aturar esses abusos não sei se', 'BRA'),
(274, 'Emílio Santiago', 3264, 'TÁ TUDO ERRADO', 'Tá tudo errado entre nós o ...', 'BRA'),
(275, 'Elson', 3265, 'TALISMÃ', 'Sabe quanto tempo eu não te vejo', 'BRA'),
(276, 'Toquinho-Vinicius de Moraes', 3266, 'TARDE EM ITAPOÃ', 'Um velho calção de banho', 'BRA'),
(277, 'Legião Urbana', 3267, 'TEMPO PERDIDO', 'Todos os dias quando acordo...', 'BRA'),
(278, 'Biquini Cavadão', 3268, 'TIMIDEZ', 'Toda vez que te olho crio um romance', 'BRA'),
(279, 'Xuxa', 3269, 'TINDOLELÊ', 'Todo mundo tá feliz tá feliz', 'BRA'),
(280, 'Alcione', 3270, 'TÔ COM SAUDADE', 'Tô com saudade amor', 'BRA'),
(281, 'Netinho', 3271, 'TOTAL', 'Total que me importa se duvidas', 'BRA'),
(282, 'Milton Nascimento', 3272, 'TRAVESSIA', 'Quando você foi embora', 'BRA'),
(283, 'Demônios da Garoa', 3273, 'TREM DAS ONZE', 'Pá zai zai... Não posso ficar nem mais', 'BRA'),
(284, 'Guilherme Arantes', 3274, 'TRILHAS', 'Traços de nanquim não se...', 'BRA'),
(285, 'Elis Regina', 3275, 'TRISTE', 'Triste é viver na solidão', 'BRA'),
(286, 'Chico Buarque', 3276, 'TROCANDO EM MIÚDOS', 'Eu vou lhe deixar a medida do Bonfim', 'BRA'),
(287, 'Alceu Valença', 3277, 'TROPICANA (MORENA TROPICANA)', 'Da manga rosa quero o gosto e o sumo', 'BRA'),
(288, 'Lulu Santos', 3278, 'TUDO COM VOCÊ', 'Quero te conquistar um pouco mais e mais', 'BRA'),
(289, 'Lulu Santos', 3279, 'UM CERTO ALGUÉM', 'Quis evitar seus olhos mas não pude resistir', 'BRA'),
(290, 'Gal Costa', 3280, 'UM DIA DE DOMINGO', 'Eu preciso te falar te...', 'BRA'),
(291, 'Paralamas do Sucesso', 3281, 'UMA BRASILEIRA', 'Rodas em sol trovas em do', 'BRA'),
(292, 'Marina Lima', 3282, 'UMA NOITE E MEIA', 'Vem chegando o verão um calor no coração', 'BRA'),
(293, 'Trem da Alegria', 3283, 'UNI, DUNI, TÊ', 'Eu quis saber da minha estrela guia', 'BRA'),
(294, 'Taiguara', 3284, 'UNIVERSO NO TEU CORPO', 'Eu desisto não existe essa manhã', 'BRA'),
(295, 'Art Popular', 3285, 'VALEU DEMAIS', 'Ai valeu demais valeu valeu demais', 'BRA'),
(296, 'Erasmo Carlos', 3286, 'VEM QUENTE QUE EU ESTOU FERVENDO', 'Se você quer brigar ...', 'BRA'),
(297, 'Biquini Cavadão', 3287, 'VENTO E VENTANIA', 'Vento e ventania me leve', 'BRA'),
(298, 'Fábio Jr.', 3288, 'VINTE E POUCOS ANOS', 'Você já sabe me conhece', 'BRA'),
(299, 'Mamonas Assassinas', 3289, 'VIRA VIRA', 'Fui convidado pra uma tal suruba', 'BRA'),
(300, 'Ivan Lins', 3290, 'VITORIOSA', 'Quero sua risada mais gostosa...', 'BRA'),
(301, 'Emílio Santiago', 3291, 'VOCÊ', 'Você manhã de todo meu você', 'BRA'),
(302, 'Caetano Veloso', 3292, 'VOCÊ É LINDA', 'Fonte de mel nos olhos de gueixa', 'BRA'),
(303, 'Blitz', 3293, 'VOCÊ NÃO SOUBE ME AMAR', 'Sabe essas noites que cê sai caminhando', 'BRA'),
(304, 'Zezé Di Camargo e Luciano', 3294, 'VOCÊ VAI VER', 'Você pode encontrar muitos amores', 'BRA'),
(305, 'Eliana de Lima', 3295, 'VOLTA PRA ELA', 'Quando você chegou em mim', 'BRA'),
(306, 'Beth Carvalho', 3296, 'VOU FESTEJAR', 'Chora não vou ligar não vou ligar', 'BRA'),
(307, 'Jorge Benjor', 3297, 'W BRASIL (CHAMA O SÍNDICO)', 'Alô alô W Brasil...Alô alô...', 'BRA'),
(308, 'Tom Jobim', 3298, 'WAVE', 'Vou te contar', 'BRA'),
(309, 'Blitz', 3299, 'WEEKEND', 'Alô alô ativo ouvinte', 'BRA'),
(310, 'Roupa Nova', 3300, 'WHISKY A GO-GO', 'Foi numa festa gelo e cuba libre', 'BRA'),
(311, 'Marina Lima', 3301, 'A FRANCESA', 'Meu amor se você for embora', 'BRA'),
(312, 'Beth Carvalho', 3302, 'ANDANÇA', 'Vim tanta areia, andei', 'BRA'),
(313, 'Chitãozinho e Xororó', 3303, 'ATÉ VOCÊ VOLTAR', 'Eu hoje perguntei para o meu coração', 'BRA'),
(314, 'Mamonas Assassinas', 3304, 'BOIS DON''T CRY', 'Ser corno ou não ser', 'BRA'),
(315, 'Super Feliz', 3305, 'BOLA PRA FRENTE', 'Vitória bola pra frente', 'BRA'),
(316, 'Art Popular', 3306, 'BOM BOCADO', 'Ai ai ai... Oh oh oh... Como um bom bocado', 'BRA'),
(317, 'Fagner', 3307, 'BORBULHAS DE AMOR (TENHO UM CORAÇÃO)', 'Tenho um coração dividido entre a', 'BRA'),
(318, 'Sandra de Sá', 3308, 'BYE BYE TRISTEZA', 'Ninguém aqui é puro anjo ou demônio', 'BRA'),
(319, 'Roberto Carlos', 3309, 'CAFÉ DA MANHÃ', 'Amanhã de manhã vou pedir um café', 'BRA'),
(320, 'Léo Canhoto e Robertinho', 3310, 'CAIU O PALCO', 'Fui convidado pra cantar num baile', 'BRA'),
(321, 'Leny Andrade', 3311, 'CHORA TUA TRISTEZA', 'Chora que a tristeza foge do teu olhar', 'BRA'),
(322, 'Cazuza', 3312, 'CODINOME BEIJA FLOR', 'Pra que mentir fingir que perdoou tentar', 'BRA'),
(323, 'Roupa Nova', 3313, 'COMEÇO, MEIO E FIM', 'A vida tem sons que pra gente ouvir', 'BRA'),
(324, 'Roberto Carlos', 3314, 'COMO É GRANDE O MEU AMOR POR VOCÊ', 'Eu tenho tanto pra lhe falar mas com', 'BRA'),
(325, 'Roberto Carlos', 3315, 'CORAÇÃO', 'Com o coração na voz e o grito mais', 'BRA'),
(326, 'Zezé Di Camargo e Luciano', 3316, 'CORAÇÃO NA CONTRA MÃO', 'Te procurei pela casa dei de cara comigo', 'BRA'),
(327, 'Sensação', 3317, 'CORAL DE ANJOS', 'Um coral de anjos cantou', 'BRA'),
(328, 'Katinguelê', 3318, 'CORPO LÚCIDO', 'Como é difícil entender por...', 'BRA'),
(329, 'Xuxa', 3319, 'DANÇA DA XUXA', 'Inventei uma dança nova', 'BRA'),
(330, 'Elba Ramalho', 3320, 'DE VOLTA PRO ACONCHEGO', 'Estou de volta pro meu aconchego', 'BRA'),
(331, 'Molejo', 3321, 'DOIDINHA POR MEU SAMBA', 'Alá lá le le... Doidinha por meu samba ''cê joga', 'BRA'),
(332, 'Só Pra Contrariar', 3322, 'É BOM DEMAIS', 'Não larga do meu pé me chama de meu', 'BRA'),
(333, 'Legião Urbana', 3323, 'EDUARDO E MÔNICA', 'Quem um dia irá dizer que...', 'BRA'),
(334, 'Grupo Sampa', 3324, 'EU AMO VOCÊ', 'Os dias se passam não sou...', 'BRA'),
(335, 'Grupo Sampa', 3325, 'FLAGRANTE', 'Lá se vão meus anéis vão com...', 'BRA'),
(336, 'Chitãozinho e Xororó', 3326, 'FOGE DE MIM', 'Eu conto com você', 'BRA'),
(337, 'Raul Seixas', 3327, 'GITA', 'Eu que já andei pelos quatro cantos do mundo', 'BRA'),
(338, 'Djavan', 3328, 'LILÁS', 'Amanhã outro dia', 'BRA'),
(339, 'Tom Jobim', 3329, 'LUÍZA', 'Rua espada nua', 'BRA'),
(340, 'Jair Rodrigues', 3330, 'MAJESTADE O SABIÁ', 'Meus pensamentos tomam...', 'BRA'),
(341, 'Roberta Miranda', 3331, 'MEU DENGO', 'Vem cá meu dengo ai ai ai ai ai', 'BRA'),
(342, 'Martinho da Vila', 3332, 'MULHERES', 'Já tive mulheres de todas as cores', 'BRA'),
(343, 'Daniela Mercury', 3333, 'MÚSICA DE RUA', 'Alegria agora agora e amanhã', 'BRA'),
(344, 'Gal Costa', 3334, 'NADA MAIS', 'Sinto quando alguém te...', 'BRA'),
(345, 'Leandro e Leonardo', 3335, 'NÃO OLHE ASSIM', 'Tire seus olhos dos meus...', 'BRA'),
(346, 'Roberto Carlos', 3336, 'O PROGRESSO', 'Eu queria poder afagar', 'BRA'),
(347, 'Cidade Negra', 3337, 'ONDE VOCÊ MORA?', 'Amor igual ao teu eu nunca mais terei', 'BRA'),
(348, 'Roberto Carlos', 3338, 'OS SEUS BOTÕES', 'Os botões da blusa', 'BRA'),
(349, 'Luiz Vieira', 3339, 'PAZ DO MEU AMOR', 'Você é isso uma beleza imensa', 'BRA'),
(350, 'Mano a Mano', 3340, 'PEDINDO AMOR', 'Mais uma noite não pude te esquecer um só', 'BRA'),
(351, 'Cristina Monteiro', 3341, 'PEDRA FALSA', 'Deixa de bobagem...', 'BRA'),
(352, 'Xuxa', 3342, 'PIPOCA', 'Pipoca ah!', 'BRA'),
(353, 'Só Pra Contrariar', 3343, 'PRIMEIRO AMOR', 'É na escola da vida que a gente apre', 'BRA'),
(354, 'Roberta Miranda', 3344, 'SÃO TANTAS COISAS', 'São tantas coisas só nós sabemos', 'BRA'),
(355, 'Daniela Mercury', 3345, 'SÓ PRA TE MOSTRAR', 'Não quero nada que não venha', 'BRA'),
(356, 'Grupo Raça', 3346, 'TÔ LEGAL', 'Não faz mal se o sonho...', 'BRA'),
(357, 'Katinguelê', 3347, 'UM DOCE SABOR', 'Como definir seu beijo uma...', 'BRA'),
(358, 'Inimigos do Rei', 3348, 'UMA BARATA CHAMADA KAFKA', 'Encontrei uma barata na...', 'BRA'),
(359, 'Art Popular', 3349, 'UTOPIA', 'Pra se dizer que a emoção', 'BRA'),
(360, 'Daniela Mercury', 3350, 'VOCÊ NÃO ENTENDE NADA', 'Quando eu chego em casa', 'BRA'),
(361, 'Engenheiros do Hawaí', 3351, 'A PROMESSA', 'Não vejo nada e o que eu vejo', 'BRA'),
(362, 'Cidade Negra', 3352, 'A SOMBRA DA MALDADE', 'Eu sei que ela nunca mais apareceu', 'BRA'),
(363, 'Fábio Jr.', 3353, 'AMARRADOS', 'Nós estamos amarrados um ao outro', 'BRA'),
(364, 'Banda Bach', 3354, 'ATÉ DE MANHÃ', 'Amor aquilo foi demais pra mim', 'BRA'),
(365, 'Daniela Mercury', 3355, 'BATUQUE', 'Tá no batuque que balança...', 'BRA'),
(366, 'Zeca Pagodinho', 3356, 'CADA UM NO SEU CADA UM', 'Cada um na sua onda', 'BRA'),
(367, 'Gal Costa', 3357, 'CHUVA DE PRATA', 'Se tem luar no céu...', 'BRA'),
(368, 'Sampa Crew', 3358, 'CORAÇÃO TE ACALMA', 'Quantas vezes eu te disse coração', 'BRA'),
(369, 'Banda Mel', 3359, 'CRENÇA E FÉ', 'Vou dar a volta no mundo', 'BRA'),
(370, 'Roberta Miranda', 3360, 'DÓI', 'Dói sentir que o nosso amor', 'BRA'),
(371, 'Fagner', 3361, 'ENDOIDECEU', 'Você endoideceu meu coração', 'BRA'),
(372, 'João Paulo e Daniel', 3362, 'ESTOU APAIXONADO', 'Uh... la la iê ôh... Quero beber...', 'BRA'),
(373, 'Fábio Jr.', 3363, 'EU NUNCA ESTIVE TÃO APAIXONADO', 'O que eu puder eu vou fazer', 'BRA'),
(374, 'Cazuza', 3364, 'IDEOLOGIA', 'Meu partido é um coração partido', 'BRA'),
(375, 'Cascatinha e Inhana', 3365, 'ÍNDIA', 'Índia seus cabelos nos ombros caindo', 'BRA'),
(376, 'Simone', 3366, 'IOLANDA', 'Esta canção não é mais que mais uma', 'BRA'),
(377, 'Xuxa', 3367, 'LUA DE CRISTAL', 'Tudo pode ser se quiser...', 'BRA'),
(378, 'Carlos Oliva e Los Sobrinos', 3368, 'MACARENA', 'Dale a tu cuerpo alegria Macarena', 'ESP'),
(379, 'Preto no Branco', 3369, 'MARAVILHOSA', 'Estou sabendo que o seu caso de amor', 'BRA'),
(380, 'Sandy e Júnior', 3370, 'MARIA CHIQUINHA', 'Que cô cê foi fazê no mato Maria Chiquinha', 'BRA'),
(381, 'Banda Eva', 3371, 'ME ABRAÇA', 'Quando você passa eu sinto o seu cheiro', 'BRA'),
(382, 'Chiclete com Banana', 3372, 'ME PEGUE SE QUISER', 'Me pegue se quiser e leve se puder ôh', 'BRA'),
(383, 'Só Pra Contrariar', 3373, 'MEU JEITO DE SER', 'Era só dizer pra mim...', 'BRA'),
(384, 'Elza Soares', 3374, 'MULATA ASSANHADA', 'O mulata assanhada ...', 'BRA'),
(385, 'Companhia do Pagode', 3375, 'NA BOQUINHA DA GARRAFA', 'No samba ela me diz que rala', 'BRA'),
(386, 'Katinguelê', 3376, 'NO COMPASSO DO CRIADOR', 'Ao teu lado sou criança nosso...', 'BRA'),
(387, 'Cazuza', 3377, 'O NOSSO AMOR A GENTE INVENTA', 'O teu amor é uma mentira', 'BRA'),
(388, 'Fábio Jr.', 3378, 'O QUE É QUE HÁ', 'O que é que há?', 'BRA'),
(389, 'Skank', 3379, 'PACATO CIDADÃO', 'Ôh pacato cidadão eu te chamei a atenção', 'BRA'),
(390, 'Fábio Jr.', 3380, 'PAI', 'Pai, pode ser que daqui a algum tempo', 'BRA'),
(391, 'Gera Samba', 3381, 'PAQUEREI', 'É o novo som de Salvador é o...', 'BRA'),
(392, 'Simony-Alexandre', 3382, 'PELO MENOS UMA VEZ', 'Descansei a dor no azul do mar', 'BRA'),
(393, 'Banda Mel', 3383, 'PREFIXO DE VERÃO', 'Aê aê...ei ei... Quando você chegar quando', 'BRA'),
(394, 'Cidade Negra', 3384, 'QUEREM MEU SANGUE', 'Dizem que guardam bom lugar', 'BRA'),
(395, 'Fernanda Abreu', 3385, 'BABILÔNIA ROCK', 'Ha ha ei ei... Rio Babilônia ou... Você vai cair', 'BRA'),
(396, 'Zezé Di Camargo e Luciano', 3386, 'SALVA MEU CORAÇÃO', 'Sou louco pelo mel da sua boca', 'BRA'),
(397, 'Zeca Pagodinho', 3387, 'SAMBA PRA MOÇAS', 'Incandiá incandiou eu vim pro samba', 'BRA'),
(398, 'Eliana de Lima', 3388, 'SAUDADE DANADA', 'Como dói a solidão preciso ...', 'BRA'),
(399, 'Ara Ketu', 3389, 'SEMPRE SERÁ', 'Gosto de ficar te olhando', 'BRA'),
(400, 'Adryana Ribeiro-Luiz Carlos', 3390, 'SEMPRE SOU EU', 'É... mais uma vez estou chorando', 'BRA'),
(401, 'Maria Bethânia', 3391, 'SONHO MEU', 'Sonho meu sonho meu', 'BRA'),
(402, 'Só Pra Contrariar', 3392, 'TÃO SÓ', 'Eu fiquei sozinho mais uma noite sem', 'BRA'),
(403, 'Skank', 3393, 'TE VER', 'Te ver e não te querer', 'BRA'),
(404, 'Hanói Hanói', 3394, 'TOTALMENTE DEMAIS', 'Linda como um neném...', 'BRA'),
(405, 'Chitãozinho e Xororó', 3395, 'UM HOMEM QUANDO AMA', 'Amigo, se você ama não tenha medo', 'BRA'),
(406, 'Roberta Miranda', 3396, 'VÁ COM DEUS', 'A cada dia que se passa', 'BRA'),
(407, 'Fernanda Abreu', 3397, 'VENENO DA LATA', 'Mil novecentos e noventa e ...', 'BRA'),
(408, 'Sampa Crew', 3398, 'VERDADEIRA PAIXÃO', 'Eu vou além de mim sem nada temer', 'BRA'),
(409, 'Um Toque a Mais', 3399, 'VIDA BANDIDA', 'Vida bandida que me traz tristeza', 'BRA'),
(410, 'Muleke Travesso', 3400, 'VOCÊ EM MIM', 'Hoje eu me encontro na solidão', 'BRA'),
(411, 'Engenheiros do Hawaí', 3401, 'A PERIGO', 'Planos de vôo Tava tudo em', 'BRA'),
(412, 'Jorge Benjor', 3402, 'ALCOHOL', 'O Mago mandou avisar...', 'BRA'),
(413, 'Roberto Carlos', 3403, 'AMIGO', 'Você meu amigo de fé meu irmão camarada', 'BRA'),
(414, 'Gian e Giovani', 3404, 'AMOR DEMAIS', 'Deixa preparado nosso...', 'BRA'),
(415, 'Roupa Nova', 3405, 'ANJO', 'Se você vê estrelas demais', 'BRA'),
(416, 'Toquinho', 3406, 'AQUARELA', 'Numa folha qualquer eu desenho um sol', 'BRA'),
(417, 'Beto Barbosa', 3407, 'EMBALO TRILEGAL', 'Eu vou mostrar pra você como se dança', 'BRA'),
(418, 'Metrô', 3408, 'BEAT ACELERADO', 'Minha mãe me falou que eu preciso', 'BRA'),
(419, 'Martinho da Vila', 3409, 'CANTA, CANTA MINHA GENTE', 'Canta, canta minha gente', 'BRA'),
(420, 'Leandro e Leonardo', 3410, 'CASA SEPARA', 'Eu quero te amar sem...', 'BRA'),
(421, 'Negritude Júnior', 3411, 'COHAB CITY-VEM PRA CÁ', 'Tô chegando na Cohab pra...', 'BRA'),
(422, 'Banda Brasil', 3412, 'COMO DÓI', 'Se eu estou sofrendo é por...', 'BRA'),
(423, 'Elba Ramalho', 3413, 'CORAÇÃO DA GENTE', 'Morena que dança num mar de alegria', 'BRA'),
(424, 'Chitãozinho e Xororó', 3414, 'CORAÇÃO SERTANEJO', 'Andei, andei, andei, até encontrar', 'BRA'),
(425, 'Gian e Giovani', 3415, 'DEPOIS DO ADEUS', 'O que é que eu vou fazer de...', 'BRA'),
(426, 'Do Jeito Que Eu Gosto', 3416, 'DO JEITO QUE EU GOSTO', 'Lá laiá lá... Foi bom te encontrar', 'BRA'),
(427, 'Tim Maia', 3417, 'DO LEME AO PONTAL', 'Do Leme ao pontal não há nada igual', 'BRA'),
(428, 'Gian e Giovani', 3418, 'DÓI', 'Dói dói demais em mim eu te...', 'BRA'),
(429, 'Beto Barbosa', 3419, 'DONA', 'É amor e prazer uma louca paixão', 'BRA'),
(430, 'Leandro e Leonardo', 3420, 'ENTRE TAPAS E BEIJOS', 'Perguntaram pra mim se ainda...', 'BRA'),
(431, 'Chrystian e Ralf', 3421, 'ESSE AMOR QUE ME MATA', 'Tô sozinho e você tão longe', 'BRA'),
(432, 'Leandro e Leonardo', 3422, 'ESTA NOITE FOI MARAVILHOSA', 'A noite vem vindo estrelas...', 'BRA'),
(433, 'Tiririca', 3423, 'EU SOU CHIFRUDO', 'Essa música eu quero oferecer para os', 'BRA'),
(434, 'Sempre Livre', 3424, 'EU SOU FREE', 'Só estudei em escola experimental', 'BRA'),
(435, 'Rádio Táxi', 3425, 'EVA', 'Meu amor olha só hoje o sol não apareceu', 'BRA'),
(436, 'Ginga Pura', 3426, 'FRUTO DOS DEUSES', 'Você é meu favo de mel...', 'BRA'),
(437, 'Hino do Palmeiras', 3427, 'HINO DO PALMEIRAS', 'Quando surge o alvi verde...', 'BRA'),
(438, 'Só Pra Contrariar', 3428, 'LINDA', 'É uma coisa sem explicação', 'BRA'),
(439, 'Angélica', 3429, 'MAGIA', 'Sol de verão queimando no meu corpo', 'BRA'),
(440, 'Leandro e Leonardo', 3430, 'MAIS UMA NOITE SEM VOCÊ', 'Mais uma noite sem você...', 'BRA'),
(441, 'Grafite', 3431, 'MAMMA MARIA', 'Fim de semana você me liga...', 'BRA'),
(442, 'Elis Regina', 3432, 'ME DEIXAS LOUCA', 'Quando caminho pela rua lado à lado', 'BRA'),
(443, 'Gian e Giovani', 3433, 'MEDO', 'Bandida solidão vou te...', 'BRA'),
(444, 'Ritchie', 3434, 'MENINA VENENO', 'Meia noite no meu quarto', 'BRA'),
(445, 'Gian e Giovani', 3435, 'NOSSA SENHORA DE APARECIDA', 'Eu tenho fé... Que dessa vez...', 'BRA'),
(446, 'Nenhum de Nós', 3436, 'O ASTRONAUTA DE MÁRMORE', 'A lua inteira agora é um...', 'BRA'),
(447, 'Zezé Di Camargo e Luciano', 3437, 'O QUE É QUE A GENTE NÃO FAZ POR AMOR', 'Ela já chega bem cedo...', 'BRA'),
(448, 'Gian e Giovani', 3438, 'OLHA AMOR', 'Olha amor Tô morrendo de...', 'BRA'),
(449, 'Katinguelê', 3439, 'PEDINDO BIS', 'Meu bem meu coração está...', 'BRA'),
(450, 'Ritchie', 3440, 'PELO INTERFONE', 'Chamo por você ninguém atende', 'BRA'),
(451, 'Leandro e Leonardo', 3441, 'PENSE EM MIM', 'Em vez de você ficar pensando...', 'BRA'),
(452, 'Daniel', 3442, 'POR QUE FUI TE AMAR ASSIM', 'Sei que te perdi dessa vez...', 'BRA'),
(453, 'Netinho', 3443, 'PRECISO DE VOCÊ', 'Fui atrás do que restou...', 'BRA'),
(454, 'Blitz', 3444, 'QUEM TEM PÕE', 'Eu moro longe não tenho carro', 'BRA'),
(455, 'Netinho', 3445, 'RAINHA DO BAILE', 'Quem és tú rainha do baile?', 'BRA'),
(456, 'Metrô', 3446, 'SÂNDALO DE DÂNDI', 'Beijo os teus lábios desejo te amar', 'BRA'),
(457, 'Dr. Silvana e Cia', 3447, 'SERÃO EXTRA', 'New Iguaçu três e meia da madrugada', 'BRA'),
(458, 'Gian e Giovani', 3448, 'TE AMO MENINA', 'Teus olhos menina têm raios...', 'BRA'),
(459, 'Leandro e Leonardo', 3449, 'TEMPORAL DE AMOR', 'Chuva no telhado, vento no...', 'BRA'),
(460, 'Gian e Giovani', 3450, 'UM DOIS TRÊS', 'De uma cachaça boa não abro...', 'BRA'),
(461, 'Daniela Mercury', 3451, 'A PRIMEIRA VISTA', 'Quando não tinha nada eu...', 'BRA'),
(462, 'Léo Jaime', 3452, 'A VIDA NÃO PRESTA', 'Você vai de carro pra escola e eu só vou a pé', 'BRA'),
(463, 'Nelson Gonçalves', 3453, 'A VOLTA DO BOÊMIO', 'Boemia aqui me tens de...', 'BRA'),
(464, 'Balão Mágico (A turma do)', 3454, 'AMIGOS DO PEITO', 'Meu nome é Mike gosto muito de brincar', 'BRA'),
(465, 'Chico Buarque', 3455, 'APESAR DE VOCÊ', 'Amanhã vai ser outro dia', 'BRA'),
(466, 'Timbalada', 3456, 'BEIJA FLOR', 'Eu fui embora meu amor chorou', 'BRA'),
(467, 'Beto Barbosa', 3457, 'BEIJINHO NA BOCA', 'Beijinho na boca gostoso doce mel', 'BRA'),
(468, 'Leila Pinheiro', 3458, 'BESAME', 'A orquestra já nos chamou...', 'BRA'),
(469, 'Maria Bethânia', 3459, 'BRINCAR DE VIVER', 'Quem me chamou quem vai querer voltar pro', 'BRA'),
(470, 'Pirilampo e Saracura', 3460, 'CABECINHA NO OMBRO', 'Encosta tua cabecinha no meu ombro e', 'BRA'),
(471, 'Raça Negra', 3461, 'CAROLINE', 'Você veio pra me fazer feliz', 'BRA'),
(472, 'Lulu Santos', 3462, 'CASA', 'Primeiro era vertigem como em qualquer', 'BRA'),
(473, 'Raça Negra', 3463, 'CIGANA', 'Não deixe o tempo acabar com o nosso', 'BRA'),
(474, 'Ultraje a Rigor', 3464, 'CIÚME', 'Oh oh oh oh... Eu quero levar uma vida', 'BRA'),
(475, 'Banda Eva', 3465, 'COLEÇÃO', 'Sei que você gosta de brincar de amor', 'BRA'),
(476, 'Eliana de Lima', 3466, 'DESEJO DE AMAR', 'Foi sem querer que derramei toda emoção', 'BRA'),
(477, 'Negritude Júnior', 3467, 'É DEMAIS', 'Gosto muito de você não...', 'BRA'),
(478, 'Jorge Benjor', 3468, 'ENGENHO DE DENTRO', 'Olhaí meu bem prudência e...', 'BRA'),
(479, 'Leandro e Leonardo', 3469, 'EU JURO', 'Eu vejo a luz do teu olhar...', 'BRA'),
(480, 'Marina Lima', 3470, 'EU NÃO SEI DANÇAR', 'Às vezes eu quero chorar mas o dia nasce', 'BRA'),
(481, 'Elis Regina', 3471, 'FASCINAÇÃO', 'Os sonhos mais lindos sonhei', 'BRA'),
(482, 'Skank', 3472, 'GAROTA NACIONAL', 'Aqui nesse mundinho fechado', 'BRA'),
(483, 'Oswaldo Montenegro', 3473, 'LUA E FLOR', 'Eu amava como amava um cantor', 'BRA'),
(484, 'Ultraje a Rigor', 3474, 'MARYLOU', 'Eu tinha uma galinha que se chamava', 'BRA'),
(485, 'Sampa Crew', 3475, 'MESMO ASSIM', 'Foram tantas coisas boas', 'BRA'),
(486, 'João Paulo e Daniel', 3476, 'MINHA ESTRELA PERDIDA', 'Você vai rir quando eu pedir...', 'BRA'),
(487, 'Lulu Santos', 3477, 'MINHA VIDA', 'Quando eu era pequeno eu achava a vida', 'BRA'),
(488, 'Kid Abelha', 3478, 'NA RUA, NA CHUVA, NA FAZENDA', 'Não estou disposto a...', 'BRA'),
(489, 'Chitãozinho e Xororó', 3479, 'NASCEMOS PRA CANTAR', 'O grande Mestre do céu o nosso criador', 'BRA'),
(490, 'Rosana', 3480, 'NEM UM TOQUE', 'Tanta coisa pra dizer e a gente nem se', 'BRA'),
(491, 'Daniela Mercury', 3481, 'O MAIS BELO DOS BELOS', 'Quem é que sobe a ladeira do Curuzu?', 'BRA'),
(492, 'Raça Negra', 3482, 'O QUE EU FAÇO SEM VOCÊ', 'O que eu faço sem você', 'BRA'),
(493, 'Grupo Raça', 3483, 'O TEU CHAMEGO', 'Na vida se promete mais...', 'BRA'),
(494, 'Cristina Monteiro', 3484, 'OMBRO AMIGO', 'Você apareceu ferido...', 'BRA'),
(495, 'Beto Barbosa', 3485, 'PRETA', 'Preta fala pra mim', 'BRA'),
(496, 'Xuxa e José Augusto', 3486, 'QUERER É PODER', 'Eu posso ir onde eu quiser', 'BRA'),
(497, 'Katinguelê', 3487, 'RECADO À MINHA AMADA', 'Lua vai iluminar os...', 'BRA'),
(498, 'Engenheiros do Hawaí', 3488, 'REFRÃO DE BOLERO', 'Eu que falei "Nem pensar..."', 'BRA'),
(499, 'Orquestra da Terra', 3489, 'REI DO GADO', 'Sou desse chão onde o rei...', 'BRA'),
(500, 'Wando', 3490, 'SAFADA', 'Eu te quero assim', 'BRA'),
(501, 'Raça Negra', 3491, 'SEU AMOR JÁ TERMINOU', 'Seu amor já terminou você já nem liga', 'BRA'),
(502, 'Vinícius Cantuária', 3492, 'SÓ VOCÊ', 'Demorei muito pra te encontrar', 'BRA'),
(503, 'Beto Guedes', 3493, 'SOL DE PRIMAVERA', 'Quando entrar setembro', 'BRA'),
(504, 'Raça Negra', 3494, 'SOZINHO', 'Todo aquele sonho que sonhei', 'BRA'),
(505, 'Raça Negra', 3495, 'TE QUERO COMIGO', 'Não dá pra ficar sem você', 'BRA'),
(506, 'Maurício Mattar', 3496, 'TEU CAFUNÉ', 'Amor me espere daqui a pouco eu vou', 'BRA'),
(507, 'Lulu Santos', 3497, 'TUDO BEM', 'Mas o teu amor me cura', 'BRA'),
(508, 'NELSON NED', 3498, 'TUDO PASSARÁ', 'Eu te dei meu amor', 'BRA'),
(509, 'Lulu Santos', 3499, 'UM PRO OUTRO', 'Foi bom te ver de novo aqui', 'BRA'),
(510, 'Emílio Santiago', 3500, 'VERDADE CHINESA', 'Era só isso que eu queria da vida', 'BRA'),
(511, 'Gera Samba', 3501, 'A DANÇA DO BUMBUM', 'Conheci uma menina que veio do sul', 'BRA'),
(512, 'Roupa Nova', 3502, 'A FORÇA DO AMOR', 'Abriu minha visão no jeito do amor', 'BRA'),
(513, 'Dolores Duran', 3503, 'A NOITE DO MEU BEM', 'Hoje eu quero a rosa mais linda que houver e a', 'BRA'),
(514, 'Lulu Santos', 3504, 'ADIVINHE O QUE?', 'Ainda lembro aquela noite', 'BRA'),
(515, 'Zé Ramalho', 3505, 'ADMIRÁVEL GADO NOVO', 'Vocês que fazem parte dessa massa', 'BRA'),
(516, 'Fafá de Belém', 3506, 'ÁGUAS PASSADAS', 'Eu sempre disse a mim mesma', 'BRA'),
(517, 'Erva Doce', 3507, 'AMANTE PROFISSIONAL', 'Moreno alto bonito e sensual', 'BRA'),
(518, 'Lulu Santos', 3508, 'AVISO AOS NAVEGANTES', 'Se existe alguém na linha', 'BRA'),
(519, 'Rita Lee', 3509, 'BAILA COMIGO', 'Baila comigo', 'BRA'),
(520, 'Chitãozinho e Xororó', 3510, 'BAILÃO DE PEÃO', 'É bailão, é rodeio festa de peão', 'BRA'),
(521, 'Barão Vermelho', 3511, 'BETE BALANÇO', 'Pode seguir a tua estrela', 'BRA'),
(522, 'Cravo e Canela', 3512, 'COISA BOA DEMAIS', 'Ai que coisa boa', 'BRA'),
(523, 'Guilherme Arantes', 3513, 'COISAS DO BRASIL', 'Foi tão bom te conhecer...', 'BRA'),
(524, 'Roupa Nova', 3514, 'CRISTINA', 'Sua boca na minha', 'BRA'),
(525, 'Roupa Nova', 3515, 'DE VOLTA PRO FUTURO', 'Sou o mesmo que te amou', 'BRA'),
(526, 'Grupo Tempero', 3516, 'DEIXA EU TE QUERER', 'Bate triste o coração, sem...', 'BRA'),
(527, 'Fagner', 3517, 'DESLIZES', 'Não sei por que insisto tanto em te querer', 'BRA'),
(528, 'Kid Abelha', 3518, 'DEUS (APAREÇA NA TELEVISÃO)', 'Ah ah ah... Se Ele é Deus e...', 'BRA'),
(529, 'Leandro e Leonardo', 3519, 'DOCE MISTÉRIO', 'Eu não sei de onde vem...', 'BRA'),
(530, 'Clara Nunes', 3520, 'Ê BAIANA', 'Ê baiana ê ê ê baiana baianinha', 'BRA'),
(531, 'Roberta Miranda', 3521, 'EU TE AMO, TE AMO, TE AMO', 'Tanto tempo longe de você', 'BRA'),
(532, 'Leandro e Leonardo', 3522, 'FESTA DE RODEIO', 'Em festa de rodeio não dá...', 'BRA'),
(533, 'Tiririca', 3523, 'FLORENTINA', 'Essa música eu tava cantando aí', 'BRA'),
(534, 'Kid Abelha', 3524, 'GRAND'' HOTEL', 'Se a gente não tivesse feito...', 'BRA'),
(535, 'Leci Brandão', 3525, 'ISSO É FUNDO DE QUINTAL', 'O que é isso meu amor...', 'BRA'),
(536, 'Paralamas do Sucesso', 3526, 'LANTERNA DOS AFOGADOS', 'Quando tá escuro e ninguém te ouve', 'BRA'),
(537, 'Roupa Nova', 3527, 'LINDA DEMAIS', 'Linda só você me fascina', 'BRA'),
(538, 'Tim Maia', 3528, 'ME DÊ MOTIVO', 'É engraçado às vezes a gente sente', 'BRA'),
(539, 'Flor de Cheiro', 3529, 'MENINO LINDO', 'Menino lindo eu preciso do ...', 'BRA'),
(540, 'Só Pra Contrariar', 3530, 'NUNCA MAIS TE MACHUCAR', 'Dói demais saber que eu errei e não poder', 'BRA'),
(541, 'Só Pra Contrariar', 3531, 'O AMOR VOCÊ E EU', 'Se olhar nos meus olhos', 'BRA'),
(542, 'Paralamas do Sucesso', 3532, 'O BECO', 'No beco escuro explode a violência', 'BRA'),
(543, 'Só Pra Contrariar', 3533, 'OUT DOOR', 'Já coloquei num out door e em todos o', 'BRA'),
(544, 'Cidade Negra', 3534, 'PENSAMENTO', 'Você precisa saber o que passa aqui', 'BRA'),
(545, 'Art Popular', 3535, 'PIMPOLHO', 'Pimpolho é um cara bem legal', 'BRA'),
(546, 'Clara Nunes', 3536, 'PORTELA NA AVENIDA', 'Portela eu nunca vi coisa mais bela', 'BRA'),
(547, 'Raça Negra', 3537, 'PRECISO TER ALGUÉM', 'De novo a solidão bateu, eu vou chora', 'BRA'),
(548, 'Simony', 3538, 'QUANDO TE VI', 'Nem o sol, nem o mar', 'BRA'),
(549, 'Zezé Di Camargo e Luciano', 3539, 'SEM MEDO DE SER FELIZ', 'Tira essa paixão da cabeça', 'BRA'),
(550, 'Altemar Dutra', 3540, 'SENTIMENTAL DEMAIS', 'Sentimental eu sou ...', 'BRA'),
(551, 'Grupo Malícia', 3541, 'SENTINELA', 'Na janela do meu quarto...', 'BRA'),
(552, 'Katinguelê', 3542, 'SÓ PEDINDO BIS', 'Não vejo a hora e o momento...', 'BRA'),
(553, 'Só Pra Contrariar', 3543, 'TE AMAR SEM MEDO', 'Tá difícil esconder a paixão...', 'BRA'),
(554, 'Art Popular', 3544, 'TEMPORAL', 'Faz tempo que a gente não...', 'BRA'),
(555, 'Negritude Júnior', 3545, 'TIC-TIC-TAC', 'Bate forte o tambor...', 'BRA'),
(556, 'Só Pra Contrariar', 3546, 'TRIBUTO AOS MAMONAS', 'Apesar do pouco tempo que eu fico no', 'BRA'),
(557, 'Márcia Freire', 3547, 'VERMELHO', 'A cor do meu batuque', 'BRA'),
(558, 'Chitãozinho e Xororó', 3548, 'VEZ EM QUANDO VEM ME VER', 'Não toque em meus cabelos', 'BRA'),
(559, 'Antônio Carlos e Jocafi', 3549, 'VOCÊ ABUSOU', 'Você abusou tirou partido de mim abusou', 'BRA'),
(560, 'Roupa Nova', 3550, 'VOLTA PRA MIM', 'Amanheci sozinho na cama, um vazio', 'BRA'),
(561, 'Chitãozinho e Xororó', 3551, '60 DIAS APAIXONADO', 'Viajando pra Mato Grosso', 'BRA'),
(562, 'Gera Samba', 3552, 'A DANÇA DA CORDINHA', 'Passa negão, passa loirinha', 'BRA'),
(563, 'Roupa Nova', 3553, 'AMAR É...', 'Amar... é quando não dá mais pra disfar', 'BRA'),
(564, 'Marisa Monte', 3554, 'BALANÇA PEMA', 'Don don din... Balança a pema balança sem', 'BRA'),
(565, 'Elba Ramalho', 3555, 'BANHO DE CHEIRO', 'Eu quero um banho de cheiro', 'BRA'),
(566, 'Sérgio Reis', 3556, 'CAVALO PRETO', 'Tenho um cavalo preto por nome de "Ventania', 'BRA');
INSERT INTO `tb_lista_principal` (`idListaPrincipal`, `interprete`, `codigo`, `titulo`, `inicio`, `idioma`) VALUES
(567, 'Sérgio Reis', 3557, 'CHICO MINEIRO', 'Fizemos a última viagem', 'BRA'),
(568, 'Zezé Di Camargo e Luciano', 3558, 'COMO UM ANJO', 'Como um anjo você apareceu na minha', 'BRA'),
(569, 'Chrystian e Ralf', 3559, 'DESEJO DE AMAR', 'Pele macia, toda morena Esse seu corpo', 'BRA'),
(570, 'Martinho da Vila', 3560, 'DEVAGAR, DEVAGARINHO', 'É devagar, é devagar', 'BRA'),
(571, 'Cidade Negra', 3561, 'DOUTOR', 'Ó doutor, tem que me ajudar', 'BRA'),
(572, 'Cidade Negra', 3562, 'DOWNTOWN', 'Eu fui eu fui... Pro outro lado de lá', 'BRA'),
(573, 'Akundum', 3563, 'EMACONHADA', 'Kaya erva danada... É reggae sim se é reggae', 'BRA'),
(574, 'Chitãozinho e Xororó', 3564, 'FEITO EU', 'Caminhando sem saber pra onde,', 'BRA'),
(575, 'Carrapicho', 3565, 'FESTA DE UM POVO', 'Ôh ôh ôh... lê lê lê... Boi garantido chegou', 'BRA'),
(576, 'Zezé Di Camargo e Luciano', 3566, 'FOI A PRIMEIRA VEZ', 'Foi a primeira vez a mais forte talvez', 'BRA'),
(577, 'Exaltasamba', 3567, 'GAMEI', 'Quando eu vi, me amarrei', 'BRA'),
(578, 'Zezé Di Camargo e Luciano', 3568, 'INDIFERENÇA', 'Fala pra mim, diz a verdade', 'BRA'),
(579, 'Legião Urbana', 3569, 'ÍNDIOS', 'Quem me dera ao menos...', 'BRA'),
(580, 'Biro do Cavaco', 3570, 'JÉSSICA', 'Sem a gente esperar nasce uma', 'BRA'),
(581, 'Paralamas do Sucesso', 3571, 'LA BELLA LUNA', 'Por mais que eu pense,', 'BRA'),
(582, 'Laura Pausini', 3572, 'LA SOLITUDINE', 'Marco se n''e andato e non...', 'ITA'),
(583, 'Chitãozinho e Xororó', 3573, 'LOIRA GELADA', 'Hoje eu vou cair no mundo', 'BRA'),
(584, 'Ricky Martin', 3574, 'MARIA', 'Un, dos, tres...', 'ESP'),
(585, 'Xuxa', 3575, 'MARQUEI UM "X"', 'Marquei um "X" Um "X"', 'BRA'),
(586, 'Companhia do Pagode', 3576, 'MELÔ DO STRIP TEASE', 'Eu lhe disse que não bulisse', 'BRA'),
(587, 'Netinho', 3577, 'MENINA LINDA', 'Óh menina linda tão bela', 'BRA'),
(588, 'Gal Costa', 3578, 'MEU BEM, MEU MAL', 'Você é meu caminho, meu...', 'BRA'),
(589, 'Royce do Cavaco', 3579, 'MEU CORAÇÃO É TEU', 'Infelizmente nós somos assim', 'BRA'),
(590, 'Roberto Carlos', 3580, 'MULHER DE 40', 'Sorriso bonito olhar de quem sabe', 'BRA'),
(591, 'Zezé Di Camargo e Luciano', 3581, 'NA HORA "H"', 'Eu preciso te dizer que ainda te que', 'BRA'),
(592, 'Art Popular', 3582, 'NANI', 'Quantas vezes Nani tantas vezes Nani', 'BRA'),
(593, 'Daniela Mercury', 3583, 'NOBRE VAGABUNDO', 'Quanto tempo tenho pra matar essa sau', 'BRA'),
(594, 'Milton Nascimento', 3584, 'NOS BAILES DA VIDA', 'Foi nos bailes da vida ou num bar', 'BRA'),
(595, 'Zélia Duncan', 3585, 'NOS LENÇÓIS DESSE REGGAE', 'Flash de viagem vontade de dançar um', 'BRA'),
(596, 'Ara Ketu', 3586, 'NOSSA GUERRA SANTA', 'Esse nosso amor é uma loucura', 'BRA'),
(597, 'Gal Costa-Gilberto Gil', 3587, 'ODARA', 'Deixa eu dançar pro meu...', 'BRA'),
(598, 'Chitãozinho e Xororó', 3588, 'PÁGINA DE AMIGOS', 'Ela ligou terminando tudo entre eu e', 'BRA'),
(599, 'Sérgio Reis', 3589, 'PANELA VELHA', 'Tô de namoro com uma moça solteirona', 'BRA'),
(600, 'Zezé Di Camargo e Luciano', 3590, 'POR AMOR TE DEIXO IR', 'Pode ir, não impeço sua viagem', 'BRA'),
(601, 'Zezé Di Camargo e Luciano', 3591, 'PRECISO SER AMADO', 'Não preciso de amor eu preciso é ser', 'BRA'),
(602, 'Grupo Raça', 3592, 'PURA EMOÇÃO', 'É frio sem você, meu amor...', 'BRA'),
(603, 'Sérgio Reis', 3593, 'SAUDADE DA MINHA TERRA', 'De que me adianta viver na cidade', 'BRA'),
(604, 'Sandra de Sá', 3594, 'SOZINHA', 'Às vezes no silêncio da noite', 'BRA'),
(605, 'Skank', 3595, 'TÃO SEU', 'Sinto sua falta, não posso esperar', 'BRA'),
(606, 'Legião Urbana', 3596, 'O TEATRO DOS VAMPIROS', 'Sempre precisei de um pouco...', 'BRA'),
(607, 'Roberto Carlos', 3597, 'TEM COISAS QUE A GENTE NÃO TIRA DO CORAÇÃO', 'Que bom te encontrar', 'BRA'),
(608, 'Art Popular', 3598, 'TRAPAÇA', 'Quando você passa tento te dizer', 'BRA'),
(609, 'Banda Cheiro de Amor', 3599, 'VAI SACUDIR, VAI ABALAR', 'Vai sacudir vai abalar explode coração', 'BRA'),
(610, 'Gilberto Gil', 3600, 'VAMOS FUGIR', 'Vamos fugir desse lugar, baby...', 'BRA'),
(611, 'Carlinhos Brown', 3601, 'A NAMORADA', 'Ei bicho o broto do seu lado', 'BRA'),
(612, 'Paralamas do Sucesso', 3602, 'A NOVIDADE', 'A novidade veio dar à praia', 'BRA'),
(613, 'Legião Urbana', 3603, 'A VIA LÁCTEA', 'Quando tudo está perdido...', 'BRA'),
(614, 'Só Pra Contrariar', 3604, 'AMOR VERDADEIRO', 'Olhe dentro de mim, você pode se ver', 'BRA'),
(615, 'Virgulóides', 3605, 'BAGULHO NO BUMBA', 'Nessa "bumba" eu não ando mais', 'BRA'),
(616, 'Marisa Monte', 3606, 'BEIJA EU', 'Seja eu, seja eu deixa que eu seja eu', 'BRA'),
(617, 'Banda Eva', 3607, 'BELEZA RARA', 'Eu não posso deixar que o tempo', 'BRA'),
(618, 'Cidade Negra', 3608, 'CASA', 'É seu único lugar no mundo', 'BRA'),
(619, 'Elba Ramalho', 3609, 'CHÃO DE GIZ', 'Desço dessa solidão', 'BRA'),
(620, 'Rita Lee', 3610, 'COISAS DA VIDA', 'Quando a lua apareceu', 'BRA'),
(621, 'Elis Regina', 3611, 'COMO NOSSOS PAIS', 'Não quero lhe falar meu grande amor', 'BRA'),
(622, 'Marisa Monte', 3612, 'DANÇA DA SOLIDÃO', 'Solidão é lava que cobre tudo', 'BRA'),
(623, 'Lulu Santos', 3613, 'DANCIN'' DAYS', 'Abra suas asas solte suas feras', 'BRA'),
(624, 'Legião Urbana', 3614, 'DEZESSEIS', 'João Roberto era o maioral...', 'BRA'),
(625, 'Leandro e Leonardo', 3615, 'DIZ PRA MIM', 'Diz pra mim que fazer pra te...', 'BRA'),
(626, 'Fábio Jr.', 3616, 'ENTREGA', 'Você foi chegando de mansinho', 'BRA'),
(627, 'Marisa Monte', 3617, 'ESTA MELODIA', 'Quando vem rompendo o dia', 'BRA'),
(628, 'Skank', 3618, 'EU DISSE A ELA', 'Quando eu disse a ela que o amor', 'BRA'),
(629, 'Cidade Negra', 3619, 'FIRMAMENTO', 'O que é que eu vou fazer agora', 'BRA'),
(630, 'Lulu Santos', 3620, 'GRAAL', 'É necessário descobrir', 'BRA'),
(631, 'Exaltasamba', 3621, 'LOUCA PAIXÃO', 'Vem a noite e eu tão só doidinho pra', 'BRA'),
(632, 'Exaltasamba', 3622, 'LUZ DO DESEJO', 'Apague a luz, deita ao meu ...', 'BRA'),
(633, 'Cássia Eller', 3623, 'MALANDRAGEM', 'Quem sabe eu ainda sou uma garotinha', 'BRA'),
(634, 'Chico César', 3624, 'MAMA ÁFRICA', 'Let me sing let me sing all love', 'BRA'),
(635, 'Grupo Cafuné', 3625, 'MELÔ DO PIRULITO', 'Olha o piu piu ôh... pirulito...', 'BRA'),
(636, 'Netinho', 3626, 'MILLA', 'Oh Milla mil e uma noites de amor com', 'BRA'),
(637, 'Cidade Negra', 3627, 'MUCAMA', 'Ô ô ô... O que se espera de uma nação', 'BRA'),
(638, 'Maurício Mattar', 3628, 'MUITO ROMÂNTICO', 'Eu tenho andado tão calado', 'BRA'),
(639, 'Marisa Monte', 3629, 'NA ESTRADA', 'Thu ru ru... Ela vai voltar vai chegar e se', 'BRA'),
(640, 'Roupa Nova', 3630, 'NOSSA HISTÓRIA', 'Hoje eu venho outra vez meu lugar é', 'BRA'),
(641, 'Skank', 3631, 'O HOMEM QUE SABIA DEMAIS', 'Sabia? Sim sabia mais e mais e mais', 'BRA'),
(642, 'Sérgio Reis', 3632, 'O MENINO DA PORTEIRA', 'Toda vez que eu viajava', 'BRA'),
(643, 'Leandro e Leonardo', 3633, 'POR CAUSA DELA', 'Por causa dela eu perdi o...', 'BRA'),
(644, 'Raça Negra', 3634, 'PRECISO DESSE AMOR', 'À noite no meu quarto, solidão', 'BRA'),
(645, 'Daniela Mercury', 3635, 'RAPUNZEL', 'Love as suas transas de mel', 'BRA'),
(646, 'Maurício Mattar', 3636, 'RUMOS DO CORAÇÃO', 'Ah! se eu pudesse ao menos sair de', 'BRA'),
(647, 'Molejo', 3637, 'SAMBA DIFERENTE', 'Quem samba com molejo samba diferente', 'BRA'),
(648, 'Royce do Cavaco', 3638, 'SÓ VOCÊ', 'Quando a luz se apaga', 'BRA'),
(649, 'Renato Russo', 3639, 'STRANI AMORI', 'Mi dispiace deve andare via', 'ITA'),
(650, 'Negritude Júnior', 3640, 'TANAJURA', 'Tana... tanajura jura que me ama', 'BRA'),
(651, 'Exaltasamba', 3641, 'TELEGRAMA', 'Ah, que saudade de você estou a te', 'BRA'),
(652, 'Lulu Santos', 3642, 'TUDO IGUAL', 'Então é assim que a vida faz', 'BRA'),
(653, 'Legião Urbana', 3643, 'VENTO NO LITORAL', 'De tarde quero descansar...', 'BRA'),
(654, 'Zeca Pagodinho', 3644, 'VERDADE', 'Descobri que te amo demais', 'BRA'),
(655, 'Chrystian e Ralf', 3645, 'VIRA VIROU', 'Por causa de você', 'BRA'),
(656, 'Lobão', 3646, 'A QUEDA', 'Quantos sonhos e sonhos acordo', 'BRA'),
(657, 'Legião Urbana', 3647, 'ANGRA DOS REIS', 'Deixa, se fosse sempre assim...', 'BRA'),
(658, 'Exaltasamba', 3648, 'ARMADILHA', 'Dessa vez te peguei de jeito', 'BRA'),
(659, 'Tim Maia', 3649, 'AZUL DA COR DO MAR', 'Ah, se o mundo inteiro me pudesse ouvir', 'BRA'),
(660, 'Beto Barbosa', 3650, 'BALANÇA O BUMBUM MUCHACHA', 'Quando eu te vejo bate meu...', 'BRA'),
(661, 'Sérgio Murilo', 3651, 'BROTO LEGAL', 'Oh, oh, que broto legal garota fenomenal', 'BRA'),
(662, 'Raul Seixas', 3652, 'CAPIM GUINÉ', 'Plantei um sítio no sertão de Piritiba', 'BRA'),
(663, 'Toquinho-Vinicius de Moraes', 3653, 'CARTA AO TOM 74', 'Rua Nascimento Silva cento e sete', 'BRA'),
(664, 'Kid Abelha', 3654, 'COMO É QUE EU VOU EMBORA', 'Ah ah ah... O que é que eu...', 'BRA'),
(665, 'Chitãozinho e Xororó', 3655, 'CONFIDÊNCIAS', 'Abra os olhos do seu coração', 'BRA'),
(666, 'Claudinho e Buchecha', 3656, 'CONQUISTA', 'Sabe, tchú ru ru ru...', 'BRA'),
(667, 'Banda Cheiro de Amor', 3657, 'É DEMAIS MEU REI', 'Vou dar a volta pelo globo terrestre', 'BRA'),
(668, 'Skank', 3658, 'É PROIBIDO FUMAR', 'É proibido fumar diz o aviso que eu', 'BRA'),
(669, 'Skank', 3659, 'É UMA PARTIDA DE FUTEBOL', 'Ô Bola na trave não altera o placar', 'BRA'),
(670, 'Exaltasamba', 3660, 'É VOCÊ', 'É você meu desejo mais', 'BRA'),
(671, 'Cássia Eller', 3661, 'E.C.T.', 'Tava com cara que carimba postais', 'BRA'),
(672, 'Shakira', 3662, 'ESTOY AQUI', 'Ya sé que no vedrás todo lo que fué', 'ESP'),
(673, 'Leandro e Leonardo', 3663, 'EU SOU DESEJO, VOCÊ É PAIXÃO', 'Você me amou e eu te amei...', 'BRA'),
(674, 'Cidade Negra', 3664, 'FALAR A VERDADE', 'Vamos falar a verdade pra vocês!', 'BRA'),
(675, 'Nino Rosso', 3665, 'IO CHE NON VIVO SENZA TE', 'Siamo qui noi soli come ogni sera', 'ITA'),
(676, 'Tim Maia', 3666, 'LEVA', 'Foi bom eu ficar com você o ano inteiro', 'BRA'),
(677, 'Paralamas do Sucesso', 3667, 'LOURINHA BOMBRIL', 'Para e repara, olha como ela samba', 'BRA'),
(678, 'Caetano Veloso', 3668, 'LUA DE SÃO JORGE', 'Lua de São Jorge, lua deslumbrante', 'BRA'),
(679, 'Katinguelê', 3669, 'LUANA', 'Eu vendo você na tristeza...', 'BRA'),
(680, 'Cidade Negra', 3670, 'LUTA DE CLASSES', 'Tudo o que eu posso ver', 'BRA'),
(681, 'Marina Lima', 3671, 'MESMO QUE SEJA EU', 'Sei que você fez os seus castelos', 'BRA'),
(682, 'Cidade Negra', 3672, 'MINHA IRMÃ', 'Ôh, isso é que me faz sorrir', 'BRA'),
(683, 'Gian e Giovani', 3673, 'NÃO VIVO SEM VOCÊ', 'Todo dia é a mesma coisa já...', 'BRA'),
(684, 'Rita Lee', 3674, 'NEM LUXO NEM LIXO', 'Como vai você? Assim como eu', 'BRA'),
(685, 'Fred Bongusto', 3675, 'O SOLE MIO', 'Che bella cosa ''na iurna ta''e sole', 'ITA'),
(686, 'Mastruz Com Leite', 3676, 'OLHA PRO CÉU', 'Olha pro céu meu amor vê como ele está', 'BRA'),
(687, 'Chitãozinho e Xororó', 3677, 'PALAVRAS (WORDS)', 'Smile, an everlasting smile', 'BRA'),
(688, 'Chitãozinho e Xororó', 3678, 'PODE SER PRA VALER', 'Se você está aí sozinha em plena', 'BRA'),
(689, 'Titãs', 3679, 'POLÍCIA', 'Dizem que ela existe pra ajudar dizem que', 'BRA'),
(690, 'Tim Maia', 3680, 'PRIMAVERA (VERSÃO AO VIVO)', 'Quando o inverno chegar', 'BRA'),
(691, 'Peppino Di Capri', 3681, 'ROBERTA', 'Lo sai non e vero che non ti voglio pi', 'ITA'),
(692, 'Gino Paoli', 3682, 'SAPORE DI SALE', 'Sapore di sale sapore di mare...', 'ITA'),
(693, 'João Mineiro e Marciano', 3683, 'SEU AMOR AINDA É TUDO', 'Muito prazer em revê-la você...', 'BRA'),
(694, 'Exaltasamba', 3684, 'SINCERA', 'Mais que amiga foi um xodó', 'BRA'),
(695, 'Chitãozinho e Xororó', 3685, 'SÓ QUEM AMOU DEMAIS', 'Se já doeu demais a falta desse amor', 'BRA'),
(696, 'Kid Abelha', 3686, 'TE AMO PRA SEMPRE', 'Na na na...pra conservar o amor...', 'BRA'),
(697, 'Raul Seixas', 3687, 'TREM DAS 7', 'Ói, ói o trem vem surgindo de trás das', 'BRA'),
(698, 'Paralamas do Sucesso', 3688, 'VOCÊ', 'Você é algo assim é tudo pra mim', 'BRA'),
(699, 'Mastruz Com Leite', 3689, 'VOU TE MATAR DE CHEIRO', 'Tô doidinha pra me deitar naquela cama', 'BRA'),
(700, 'Bobby Solo', 3690, 'ZÍNGARA', 'Prendi questa mano zíngara', 'ITA'),
(701, 'É o Tchan', 3691, 'A LOURINHA', 'Sei que a lourinha geladinha', 'BRA'),
(702, 'Fafá de Belém', 3692, 'ABANDONADA', 'Abandonada por você ...', 'BRA'),
(703, 'Negritude Júnior', 3693, 'ABSOLUTA', 'Não seja deselegante...', 'BRA'),
(704, 'Pirilampo e Saracura', 3694, 'BOIADEIRO ERRANTE', 'Eu venho vindo de uma querência distante', 'BRA'),
(705, 'Yahoo', 3695, 'CAMINHOS DO SOL', 'Sem você a vida pode parecer', 'BRA'),
(706, 'Fagner', 3696, 'CANTEIROS', 'Quando penso em você', 'BRA'),
(707, 'Nelson Gonçalves', 3697, 'CARINHOSO', 'Meu coração não sei por que', 'BRA'),
(708, 'Benito Di Paula', 3698, 'CHARLIE BROWN', 'Eh meu amigo Charlie', 'BRA'),
(709, 'Kid Abelha', 3699, 'COMO EU QUERO', 'Diz pra eu ficar muda faz...', 'BRA'),
(710, 'Roberto Carlos', 3700, 'COMO VAI VOCÊ?', 'Como vai você?', 'BRA'),
(711, 'Rita Pavone', 3701, 'DATEMI UN MARTELO (REMIX)', 'Tiú rú tiú rá... Datemi un martelo che cosa ne', 'ITA'),
(712, 'É o Tchan', 3702, 'DENGO DE MULHERES', 'Toda moça tem um dengo', 'BRA'),
(713, 'Jerry Adriani', 3703, 'DIANA', 'Não te esqueças meu amor...', 'BRA'),
(714, 'Chitãozinho e Xororó', 3704, 'É ASSIM QUE TE AMO', 'Sem me pedir você chegou assim', 'BRA'),
(715, 'Leandro e Leonardo', 3705, 'É POR VOCÊ QUE CANTO (THE SOUND OF SILENCE)', 'Quanto mais o tempo passa...', 'BRA'),
(716, 'Chitãozinho e Xororó', 3706, 'ELA NÃO VAI MAIS CHORAR', 'Por tantas vezes eu menti', 'BRA'),
(717, 'Erasmo Carlos', 3707, 'FESTA DE ARROMBA', 'Vejam só que festa de arromba', 'BRA'),
(718, 'Fábio Jr.', 3708, 'IMPOSSÍVEL ACREDITAR QUE PERDI VOCÊ', 'Não, eu não consigo acreditar', 'BRA'),
(719, 'Mara Maravilha', 3709, 'JESUS CRISTO', 'Jesus Cristo... eu estou aqui', 'BRA'),
(720, 'Grupo União', 3710, 'JURA DE AMOR', 'Você veio de repente e...', 'BRA'),
(721, 'É o Tchan', 3711, 'MALHAÇÃO', 'Vou lhe dizer é bom malhar', 'BRA'),
(722, 'Banda Magníficos', 3712, 'ME USA', 'Momentos de amor quero com você', 'BRA'),
(723, 'Yahoo', 3713, 'MORDIDA DE AMOR', 'Quando faz amor se olha no espelho', 'BRA'),
(724, 'Asa de Águia', 3714, 'NÃO TEM LUA', 'Não tem lua que faça você me amar', 'BRA'),
(725, 'Razão Brasileira', 3715, 'NATURALMENTE', 'Entre nós dois talvez possa acontecer', 'BRA'),
(726, 'Leandro e Leonardo', 3716, 'PIMBA', 'Pode crer rapaziada tudo em...', 'BRA'),
(727, 'Companhia do Pagode', 3717, 'PINGOS DE LÁGRIMA', 'Pingos de lágrima molhou meu rosto', 'BRA'),
(728, 'Moraes Moreira', 3718, 'POMBO CORREIO', 'Pombo correio voa depressa', 'BRA'),
(729, 'Diana', 3719, 'PORQUE BRIGAMOS', 'Quanto mais eu penso em lhe deixar', 'BRA'),
(730, 'Grupo Malícia', 3720, 'PRIMEIRO BEIJO', 'Pára de tanta bobagem só pra...', 'BRA'),
(731, 'Jorge Benjor', 3721, 'QUE MARAVILHA', 'Lá fora está chovendo...', 'BRA'),
(732, 'Jorge Benjor', 3722, 'QUE PENA (ELA JA NÃO GOSTA DE MIM)', 'Ela já não gosta mais de mim...', 'BRA'),
(733, 'Caetano Veloso', 3723, 'QUEIXA', 'Um amor assim delicado', 'BRA'),
(734, 'Gilberto Gil', 3724, 'SE EU QUISER FALAR COM DEUS', 'Se eu quiser falar com Deus...', 'BRA'),
(735, 'Laura Pausini', 3725, 'SE FUÉ', 'Ya no responde ni al...', 'ESP'),
(736, 'Adalberto e Adriano', 3726, 'SEPARAÇÃO', 'Qual terá sido o motivo da nossa separação', 'BRA'),
(737, 'Selma Reis', 3727, 'SOMBRA EM NOSSO OLHAR', 'Sei, só não sei porque penso em você', 'BRA'),
(738, 'Lulu Santos', 3728, 'TÃO BEM', 'Ela me encontrou eu tava por aí', 'BRA'),
(739, 'Elis Regina', 3729, 'TIRO AO ALVARO', 'De tanto levar frechada do teu', 'BRA'),
(740, 'Lulu Santos', 3730, 'TODA FORMA DE AMOR', 'Eu não pedi pra nascer eu não nasci pra', 'BRA'),
(741, 'Cazuza', 3731, 'TODO AMOR QUE HOUVER NESTA VIDA', 'Eu quero a sorte de um amor tranquilo', 'BRA'),
(742, 'Banda Cheiro de Amor', 3732, 'TODO MUNDO DANÇA', 'Todo mundo dança move corpo, move', 'BRA'),
(743, 'Emílio Santiago-Verônica Sabino', 3733, 'TUDO QUE SE QUER', 'Olha nos meus olhos esquece o que passou', 'BRA'),
(744, 'Paulo Sérgio', 3734, 'ÚLTIMA CANÇÃO', 'Esta é a última canção que eu faço', 'BRA'),
(745, 'Paulo Diniz', 3735, 'UM CHOPE PRA DISTRAIR', 'Ela passou, deixando um sorriso no', 'BRA'),
(746, 'Leno', 3736, 'A POBREZA', 'Todo mundo tem um amor...', 'BRA'),
(747, 'Agnaldo Rayol', 3737, 'A PRAIA', 'Em plena praia no céu azul ...', 'BRA'),
(748, 'João Mineiro e Marciano', 3738, 'ALINE', 'Ontem retornei na areia...', 'BRA'),
(749, 'Agnaldo Rayol', 3739, 'AMIGOS PARA SEMPRE', 'Eu não tenho nada pra dizer', 'BRA'),
(750, 'Katinguelê', 3740, 'APELO DE QUEM AMA', 'Quando eu me encontrar...', 'BRA'),
(751, 'Caetano Veloso', 3741, 'BELEZA PURA', 'Não me amarra dinheiro não', 'BRA'),
(752, 'Luiz Ayrão', 3742, 'BOLA DIVIDIDA', 'Será que essa gente percebeu', 'BRA'),
(753, 'Roberto Leal', 3743, 'CASA PORTUGUESA', 'Numa casa portuguesa fica bem', 'BRA'),
(754, 'Simony', 3744, 'CERTAS COISAS', 'Não existiria som', 'BRA'),
(755, 'Tom Jobim', 3745, 'CHEGA DE SAUDADE', 'Vai, minha tristeza, e diz a ela que', 'BRA'),
(756, 'Sílvio Brito', 3746, 'CIDADÃO', 'Tá vendo aquele edifício moço?', 'BRA'),
(757, 'Katinguelê', 3747, 'CILADA', 'Êh, mulher me comovi com sua...', 'BRA'),
(758, 'Karametade', 3748, 'DECISÃO', 'Há tanto tempo queria te falar...', 'BRA'),
(759, 'Só Pra Contrariar', 3749, 'DEPOIS DO PRAZER', 'Tô fazendo amor, com outra pessoa', 'BRA'),
(760, 'Shakira', 3750, 'DÓNDE ESTÁS CORAZÓN?', 'Dónde estás corazón?', 'ESP'),
(761, 'Roberto Carlos', 3751, 'EU PRECISO DE VOCÊ', 'Eu preciso de você', 'BRA'),
(762, 'Marina Lima', 3752, 'EU TE AMO VOCÊ', 'Acho que não sei não, eu não queria dizer', 'BRA'),
(763, 'Kid Abelha', 3753, 'FIXAÇÃO', 'Seu rosto na TV parece um...', 'BRA'),
(764, 'João Paulo e Daniel', 3754, 'HOJE EU SEI', 'Outra vez eu cheguei tarde...', 'BRA'),
(765, '14 Bis', 3755, 'LINDA JUVENTUDE', 'Zabelê, zumbi, besouro vespa fabricando', 'BRA'),
(766, 'Gilberto Gil', 3756, 'MARACATU ATÔMICO', 'Atrás do arranha-céu tem o...', 'BRA'),
(767, 'Milton Nascimento', 3757, 'MARIA MARIA', 'Maria, Maria é um dom uma certa magia', 'BRA'),
(768, 'Jorge Benjor', 3758, 'MAS QUE NADA', 'Oh, Bahia aiô obá, obá, obá...', 'BRA'),
(769, 'É o Tchan', 3759, 'MELÔ DO TCHACO II (DANÇA GOSTOSA)', 'Iô, iô, iá, iá... Frente do tchaco pro lado e pra', 'BRA'),
(770, 'Raul Seixas', 3760, 'METAMORFOSE AMBULANTE', 'Eu prefiro ser essa metamorfose ambulante', 'BRA'),
(771, 'Clara Nunes', 3761, 'O MAR SERENOU', 'O mar serenou quando ela pisou na areia', 'BRA'),
(772, 'Negritude Júnior', 3762, 'OLHOS VERMELHOS', 'As coisas já não andam bem...', 'BRA'),
(773, 'Cavalo de Pau', 3763, 'PADECER NO PARAÍSO', 'Eu vivi todo esse tempo só pra você', 'BRA'),
(774, 'Chitãozinho e Xororó', 3764, 'PÉ NA ESTRADA', 'Pé na estrada, lá vamos nós outra vez', 'BRA'),
(775, 'Paulo Diniz', 3765, 'PINGOS DE AMOR', 'A vida passa, telefono e você', 'BRA'),
(776, 'Negritude Júnior', 3766, 'QUE DURE PARA SEMPRE', 'Você está aí sozinha eu...', 'BRA'),
(777, 'É o Tchan', 3767, 'RALANDO O TCHAN (A DANÇA DO VENTRE)', 'Essa é a mistura do Brasil ...', 'BRA'),
(778, 'Zezé Di Camargo e Luciano', 3768, 'RÉDEAS DO POSSANTE', 'Cada palmo dessa estrada eu conheço', 'BRA'),
(779, 'Paralamas do Sucesso', 3769, 'ROMANCE IDEAL', 'Ela é só uma menina e eu pagando pelos', 'BRA'),
(780, 'João Paulo e Daniel', 3770, 'ROSTO MOLHADO', 'Enxugue o rosto meu amor não...', 'BRA'),
(781, 'Elza Soares', 3771, 'SAMBA DA MINHA TERRA', 'O samba da minha terra deixa a gente', 'BRA'),
(782, 'Milton Carlos', 3772, 'SAMBA QUADRADO', 'Eu fiz um samba quadrado pra você sentir', 'BRA'),
(783, 'Zezé Di Camargo e Luciano', 3773, 'SAUDADE DOS BEATLES', 'Às vezes volto no tempo numa viagem do meu', 'BRA'),
(784, 'Titãs', 3774, 'SONÍFERA ILHA', 'Não posso mais viver assim ao seu ladinho', 'BRA'),
(785, 'Ara Ketu', 3775, 'TENTAÇÃO', 'No meu corpo ficou a lembrança', 'BRA'),
(786, 'Debora Blando', 3776, 'UNICAMENTE', 'Vem sentir a era das águas', 'BRA'),
(787, 'Benito Di Paula', 3777, 'VAI FICAR NA SAUDADE', 'Você cortou o barato do meu amor', 'BRA'),
(788, 'Milton Nascimento-M.Valle', 3778, 'VIOLA ENLUARADA', 'A mão que toca um violão', 'BRA'),
(789, 'João Paulo e Daniel', 3779, 'VOCÊ SÓ ME FAZ FELIZ', 'É nesse sonho que eu me...', 'BRA'),
(790, 'Maria Bethânia', 3780, 'VOLTA POR CIMA', 'Chorei, não procurei esconder, todos', 'BRA'),
(791, 'Companhia do Pagode', 3781, 'A DANÇA DO ROBÔ', 'Essa é a nova dança que nós vamos lhe', 'BRA'),
(792, 'Carnaval', 3782, 'ALLAH LA ÔH', 'Allah la ô, ô ô ô... Mas que calor', 'BRA'),
(793, 'Carnaval', 3783, 'AURORA', 'Se você fosse sincera ô, ô, ô, ô...', 'BRA'),
(794, 'Carnaval', 3784, 'CABELEIRA DO ZEZÉ', 'Olha a cabeleira do Zezé', 'BRA'),
(795, 'Carnaval', 3785, 'CACHAÇA', 'Você pensa que cachaça é água', 'BRA'),
(796, 'Leandro e Leonardo', 3786, 'CERVEJA', 'Hoje é sexta-feira chega de...', 'BRA'),
(797, 'Carnaval', 3787, 'CORAÇÃO DE JACARÉ', 'Trocaram o coração da minha sogra', 'BRA'),
(798, 'Exaltasamba', 3788, 'DEZ A UM', 'Quantas vezes dormi com o astro-rei', 'BRA'),
(799, 'Adryana Ribeiro', 3789, 'E AGORA?', 'E agora como é que eu vou ficar', 'BRA'),
(800, 'João Paulo e Daniel', 3790, 'ELA TEM O DOM DE ME FAZER CHORAR', 'Deus, hoje eu vim aqui pra...', 'BRA'),
(801, 'Katinguelê', 3791, 'ENGRAÇADINHA', 'Linda de viver que gracinha...', 'BRA'),
(802, 'Gilberto Gil', 3792, 'ESTRELA', 'Há de surgir uma estrela no...', 'BRA'),
(803, 'João Paulo e Daniel', 3793, 'EU ME AMARREI', 'Eu me amarrei, eu me amarrei...', 'BRA'),
(804, 'Netinho', 3794, 'FIM DE SEMANA', 'Fim de semana é sexta feira', 'BRA'),
(805, 'Jorge Benjor', 3795, 'FIO MARAVILHA', 'Novamente ele chegou com...', 'BRA'),
(806, 'Amelinha', 3796, 'FREVO MULHER', 'Quantos aqui ouvem, os olhos eram de', 'BRA'),
(807, 'Art Popular', 3797, 'FRICOTE', 'Você é meu amor te quero de novo', 'BRA'),
(808, 'Leandro e Leonardo', 3798, 'HORIZONTE AZUL', 'O que mais me dói em noites...', 'BRA'),
(809, 'Laura Pausini', 3799, 'INESQUECÍVEL (INCANCELLABILE)', 'Às vezes me pergunto se eu...', 'BRA'),
(810, 'Carnaval', 3800, 'JARDINEIRA', 'Ó jardineira por que estás tão triste?', 'BRA'),
(811, 'Moraes Moreira', 3801, 'LÁ VEM O BRASIL DESCENDO A LADEIRA', 'Quem desce do morro não morre no asfalto', 'BRA'),
(812, 'Carnaval', 3802, 'MAMÃE EU QUERO', 'Mamãe eu quero, mamãe eu quero', 'BRA'),
(813, 'Carnaval', 3803, 'MARCHA DA CUECA', 'Eu mato, eu mato', 'BRA'),
(814, 'Carnaval', 3804, 'MARIA SAPATÃO', 'Maria Sapatão, sapatão, sapatão', 'BRA'),
(815, 'Carnaval', 3805, 'ME DÁ UM DINHEIRO AÍ', 'Ei, você aí me dá um dinheiro aí', 'BRA'),
(816, 'Só Pra Contrariar', 3806, 'MINEIRINHO', 'Eu não tenho culpa de comer quietinho', 'BRA'),
(817, 'Carnaval', 3807, 'O TEU CABELO NÃO NEGA', 'O teu cabelo não nega mulata', 'BRA'),
(818, 'Toke Divinal', 3808, 'PEQUENA PRINCESA', 'Pequena princesa és a primavera', 'BRA'),
(819, 'Titãs', 3809, 'PRA DIZER ADEUS', 'Você apareceu do nada', 'BRA'),
(820, 'Carnaval', 3810, 'QUEM SABE, SABE', 'Quem sabe, sabe conhece bem', 'BRA'),
(821, 'Chiquititas', 3811, 'REMEXE (RECHUFAS)', 'Tudo se transforma com magia', 'BRA'),
(822, 'Carnaval', 3812, 'SACA ROLHA', 'As águas vão rolar', 'BRA'),
(823, 'Carnaval', 3813, 'SASSARICANDO', 'Sa-sassaricando!', 'BRA'),
(824, 'Karametade', 3814, 'SE MELHORAR ESTRAGA', 'Estava mal, de baixo astral...', 'BRA'),
(825, 'Fábio Jr.', 3815, 'SÓ VOCÊ', 'Demorei muito pra te encontrar', 'BRA'),
(826, 'Só Pra Contrariar', 3816, 'TÁ POR FORA', 'Chega de plantar loucura', 'BRA'),
(827, 'Carnaval', 3817, 'TAÍ', 'Taí... Eu fiz tudo pra você gostar de mim', 'BRA'),
(828, 'João Paulo e Daniel', 3818, 'TE AMO CADA VEZ MAIS', 'Pegue-me aqueça-me em seu...', 'BRA'),
(829, 'Zezé Di Camargo e Luciano', 3819, 'TOMA JUÍZO', 'Hoje estou aqui vim falar de mim', 'BRA'),
(830, 'Negritude Júnior', 3820, 'VOCÊ FAZ FALTA', 'Falta alguma coisa no ar', 'BRA'),
(831, 'Molejo', 3821, 'A DANÇA DA VASSOURA', 'Diga aonde você vai que eu vou varrendo', 'BRA'),
(832, 'Zezé Di Camargo e Luciano', 3822, 'A GENTE FICA SEM SE AMAR', 'Quando acordar de manhã e tomar seu', 'BRA'),
(833, 'Banda Eva', 3823, 'ALÔ PAIXÃO', 'Eu não vou perder você', 'BRA'),
(834, 'Joanna', 3824, 'AMANHÃ TALVEZ', 'Faz que desse jeito só você...', 'BRA'),
(835, 'Roberto Carlos', 3825, 'AMANTE À MODA ANTIGA', 'Eu sou aquele amante à moda antiga', 'BRA'),
(836, 'Leandro e Leonardo', 3826, 'ANARRIÊ', 'Em toda festa de São João...', 'BRA'),
(837, 'É o Tchan', 3827, 'BAMBOLÊ', 'Vem na pegada do bambo do bambo, bambolê', 'BRA'),
(838, 'Oswaldo Montenegro', 3828, 'BANDOLINS', 'Como fosse um par que nessa valsa', 'BRA'),
(839, 'Netinho', 3829, 'BEIJO NA BOCA', 'Foi sem querer que eu beijei a sua boca', 'BRA'),
(840, 'Peppino Di Capri', 3830, 'CHAMPAGNE', 'Champagne per brindare a un incontro', 'ITA'),
(841, 'Elba Ramalho', 3831, 'CIRANDA DA ROSA VERMELHA', 'Teu beijo doce tem sabor do mel da', 'BRA'),
(842, 'Fincabaute', 3832, 'COISA DE MALUCO', 'É coisa de maluco alguém falou', 'BRA'),
(843, 'Ivan Lins', 3833, 'COMEÇAR DE NOVO', 'Começar de novo e contar...', 'BRA'),
(844, 'Negritude Júnior', 3834, 'CONTO DE FADAS', 'Não posso negar que você...', 'BRA'),
(845, 'Milton Nascimento', 3835, 'CORAÇÃO DE ESTUDANTE', 'Quero falar de uma coisa', 'BRA'),
(846, 'Kaoma', 3836, 'DANÇANDO LAMBADA', 'Morena, cintura de mola...', 'BRA'),
(847, 'Caetano Veloso', 3837, 'DEBAIXO DOS CARACÓIS DOS SEUS CABELOS', 'Um dia a areia branca seus pés irão', 'BRA'),
(848, 'Tom Jobim', 3838, 'DESAFINADO', 'Se você disser que eu desafino amor', 'BRA'),
(849, 'Exaltasamba', 3839, 'DESLIGA E VEM', 'Por favor, me diz quem é você', 'BRA'),
(850, 'Simone', 3840, 'ESPERE POR MIM, MORENA', 'Espere por mim, morena espere que eu', 'BRA'),
(851, 'Marina Lima', 3841, 'GATA TODO DIA', 'Eu sou uma gata e não gosto de água', 'BRA'),
(852, 'Maria Bethânia', 3842, 'GRITO DE ALERTA', 'Primeiro você me azucrina', 'BRA'),
(853, 'Kiko Zambianchi', 3843, 'HEY JUDE', 'Hey Jude, não fique assim...', 'BRA'),
(854, 'Ultraje a Rigor', 3844, 'INÚTIL', 'A gente não sabemos escolher presidente', 'BRA'),
(855, 'Art Popular', 3845, 'IRAÊ', 'Vejo você me olhar ah, que olhar', 'BRA'),
(856, 'Skank', 3846, 'MACACO PREGO', 'Eu sou macaco prego', 'BRA'),
(857, 'Cazuza', 3847, 'MAIOR ABANDONADO', 'Eu tô perdido, sem pai nem mãe', 'BRA'),
(858, 'Agepê', 3848, 'MORO ONDE NÃO MORA NINGUÉM', 'Moro, onde não mora ninguém', 'BRA'),
(859, 'Maurício Mattar', 3849, 'NADA APAGA ESSA PAIXÃO', 'Como eu queria te encontrar mais uma', 'BRA'),
(860, 'Gilberto Gil', 3850, 'NÃO CHORES MAIS', 'No woman no cry no woman...', 'BRA'),
(861, 'Zezé Di Camargo e Luciano', 3851, 'NO DIA EM QUE EU SAÍ DE CASA', 'No dia em que saí de casa', 'BRA'),
(862, 'Jorge Benjor', 3852, 'PAÍS TROPICAL', 'Moro num país tropical..', 'BRA'),
(863, 'Vanessa Rangel', 3853, 'PALPITE', 'Tô com saudades de você debaixo do meu', 'BRA'),
(864, 'Belchior', 3854, 'PARALELAS', 'Dentro do carro sobre o trevo', 'BRA'),
(865, 'Chitãozinho e Xororó', 3855, 'PENSANDO EM MINHA AMADA', 'Imagine um rapaz apaixonado', 'BRA'),
(866, 'Amado Batista', 3856, 'PRINCESA', 'Ao te ver pela primeira vez', 'BRA'),
(867, 'Fundo de Quintal', 3857, 'RESPONDE', 'Responde se me quer de verdade', 'BRA'),
(868, 'Heróis da Resistência', 3858, 'SÓ PRO MEU PRAZER', 'Não fala nada deixa tudo...', 'BRA'),
(869, 'Zezé Di Camargo e Luciano', 3859, 'VEM CUIDAR DE MIM', 'Eu já fiz de tudo pra não te perder', 'BRA'),
(870, 'Luiz Gonzaga', 3860, 'XOTE DAS MENINAS', 'Mandacaru quando fura lá na cerca', 'BRA'),
(871, 'Fundo de Quintal', 3861, 'A AMIZADE', 'Lá lá iá... Meu amigo, amigo hoje', 'BRA'),
(872, 'Chitãozinho e Xororó', 3862, 'A MINHA VIDA', 'Eu sei, eu aprendi a me aceitar', 'BRA'),
(873, 'Gilberto Gil', 3863, 'AQUELE ABRAÇO', 'Este samba vai pra Dorival...', 'BRA'),
(874, 'Chiquititas', 3864, 'BERLINDA (BERLIN)', 'Neste jogo só se diz a verdade', 'BRA'),
(875, 'Tim Maia', 3865, 'BONS MOMENTOS', 'Bons momentos eu passei fui feliz ao', 'BRA'),
(876, 'Gilson', 3866, 'CASINHA BRANCA', 'Eu tenho andado tão sozinho...', 'BRA'),
(877, 'Caetano Veloso', 3867, 'CHUVA, SUOR E CERVEJA', 'Não se perca de mim', 'BRA'),
(878, 'É o Tchan', 3868, 'DANÇA DO PÕE, PÕE', 'Olha o Tchan que já chegou', 'BRA'),
(879, 'Tim Maia', 3869, 'O DESCOBRIDOR DOS SETE MARES', 'Uma luz azul me guia', 'BRA'),
(880, 'Exaltasamba', 3870, 'DOIDINHO', 'Vem menina com teu sabor e ...', 'BRA'),
(881, 'Lobão', 3871, 'ESSA NOITE NÃO', 'A cidade enlouquece sonhos tortos', 'BRA'),
(882, 'Altemar Dutra', 3872, 'ESTÃO VOLTANDO AS FLORES', 'Vê... Estão voltando as...', 'BRA'),
(883, 'Gian e Giovani', 3873, 'EU BUSCO UMA ESTRELA', 'No que está pensando?...', 'BRA'),
(884, 'Leno e Lilian', 3874, 'EU NÃO SABIA QUE VOCÊ EXISTIA', 'Quando eu te conheci meu bem, não', 'BRA'),
(885, 'Zezé Di Camargo e Luciano', 3875, 'EU SÓ PENSO EM VOCÊ', 'Maybe I didn''t love you', 'BRA'),
(886, 'Amelinha', 3876, 'FOI DEUS QUEM FEZ VOCÊ', 'Foi Deus que fez o céu o rancho das estrelas', 'BRA'),
(887, 'Almir Rogério', 3877, 'FUSCÃO PRETO', 'Me disseram que ela foi vista com outro', 'BRA'),
(888, 'Wando', 3878, 'GOSTOSA', 'É tão gostosa ela é toda faceira', 'BRA'),
(889, 'Raimundos', 3879, 'I SAW YOU SAYING', 'Reconheci a Madonna ali parada no jardim', 'BRA'),
(890, 'Alceu Valença', 3880, 'LA BELLE DE JOUR', 'Ah! eh! ah! Eh... La belle de jour... Eu lembro', 'BRA'),
(891, 'Roberto Carlos', 3881, 'LOBO MAU', 'Eu sou do tipo que não gosta de casamento', 'BRA'),
(892, 'Karametade', 3882, 'LOUCA SEDUÇÃO', 'Com você eu fiz amor eu fiz...', 'BRA'),
(893, 'Agepê', 3883, 'MOÇA CRIANÇA', 'O seu andar tem jeito de moça...', 'BRA'),
(894, 'Legião Urbana', 3884, 'MONTE CASTELO', 'Ainda que eu falasse a...', 'BRA'),
(895, 'Mastruz Com Leite', 3885, 'MOTO TÁXI', 'Tenho uma moto táxi pra fazer corrida', 'BRA'),
(896, 'J.B. Samba', 3886, 'NA PALMA DA MÃO', 'Um bom pagode começa assim...', 'BRA'),
(897, 'Claudinho e Buchecha', 3887, 'NOSSO SONHO', 'Gatinha quero te encontrar', 'BRA'),
(898, 'Wanderley Cardoso', 3888, 'O BOM RAPAZ', 'Parece que eu sabia que hoje era o', 'BRA'),
(899, 'Cidade Negra', 3889, 'O ERÊ', 'Uh, uh, uh, uh... Pra entender o erê tem que', 'BRA'),
(900, 'Barão Vermelho', 3890, 'O POETA ESTÁ VIVO', 'Baby, compra o jornal e vem ver o sol', 'BRA'),
(901, 'Banda Cheiro de Amor', 3891, 'PEGA NO BALANÇO', 'É bom demais fazer amor', 'BRA'),
(902, 'Zizi Possi', 3892, 'PER AMORE', 'Io conosco la tua estrada', 'ITA'),
(903, 'Ara Ketu', 3893, 'PIPOCA', 'O Araketu o Araketu quando toca', 'BRA'),
(904, 'Jessé', 3894, 'PORTO SOLIDÃO', 'Se um veleiro repousasse...', 'BRA'),
(905, 'Netinho', 3895, 'PRA TE TER AQUI', 'Me sinto tão sozinho por que não vem me', 'BRA'),
(906, 'Chitãozinho e Xororó', 3896, 'PURA EMOÇÃO', 'Ela é mistério nesse jeito sério', 'BRA'),
(907, 'Raul Seixas', 3897, 'ROCK DAS "ARANHA"', 'Subi no muro do quintal e vi uma transa que', 'BRA'),
(908, 'Sensação', 3898, 'SENTIMENTO NU', 'É... tudo era azul sentimento nu', 'BRA'),
(909, 'Milton Guedes', 3899, 'SONHO DE UMA NOITE DE VERÃO', 'Sonho de uma noite de verão', 'BRA'),
(910, 'Banda Eva', 3900, 'VEM MEU AMOR', 'Quando te vejo paro logo em teu olhar', 'BRA'),
(911, 'Tião Carreiro e Pardinho', 3901, 'AMARGURADO', 'O que é feito daqueles beijos que eu', 'BRA'),
(912, 'Grupo Feitiço', 3902, 'AMOR PERFEITO', 'Fecho os olhos pra não ver...', 'BRA'),
(913, 'Alceu Valença', 3903, 'ANUNCIAÇÃO', 'Na bruma leve das paixões', 'BRA'),
(914, 'Katinguelê', 3904, 'APAIXONADAMENTE', 'Quando, te encontrei chorando...', 'BRA'),
(915, 'Roberto Carlos', 3905, 'AS CANÇÕES QUE VOCÊ FEZ PRA MIM', 'Hoje eu ouço as canções que você fez', 'BRA'),
(916, 'Netinho', 3906, 'BARRACOS (ESCOMBROS)', 'Pra quem mora lá no morro', 'BRA'),
(917, 'Só Pra Contrariar', 3907, 'BOCA A BOCA', 'Foi assim que aconteceu nossa', 'BRA'),
(918, 'Zezé Di Camargo e Luciano', 3908, 'CADA VOLTA É UM RECOMEÇO', 'Mais uma vez, meu coração esquece o que', 'BRA'),
(919, 'Asa de Águia', 3909, 'DANÇA DA MANIVELA', 'Dança da manivela', 'BRA'),
(920, 'Paulo Ricardo', 3910, 'DOIS', 'Quando você disse nunca mais', 'BRA'),
(921, 'Leandro e Leonardo', 3911, 'ESSAS MULHERES', 'Essas mulheres nos tiram e...', 'BRA'),
(922, 'É o Tchan', 3912, 'ESTÁTUA', 'Venha comigo requebrar', 'BRA'),
(923, 'Roberto Carlos', 3913, 'FALANDO SÉRIO', 'Falando sério é bem melhor você parar', 'BRA'),
(924, 'Sem Compromisso', 3914, 'FELICIDADE ESCONDIDA', 'Deixo um beijo de adeus', 'BRA'),
(925, 'Sérgio Reis', 3915, 'FUI PRA CASA DA VIZINHA', 'Tomei uma cervejada no bar da dona', 'BRA'),
(926, 'Léo Jaime', 3916, 'GATINHA MANHOSA', 'Meu bem, já não precisa', 'BRA'),
(927, 'Chico Buarque', 3917, 'GENTE HUMILDE', 'Tem certos dias em que eu penso em', 'BRA'),
(928, 'Wilma Bentivegna', 3918, 'HINO AO AMOR (HYMNE A L''AMOUR)', 'Se o azul do céu escurecer', 'BRA'),
(929, 'Luís Miguel', 3919, 'LA BARCA', 'Dicen que la distancia es el olvido', 'ESP'),
(930, 'Banda Eva', 3920, 'LEVA EU', 'Oh! Leva eu, eva, eva', 'BRA'),
(931, 'Belchior', 3921, 'MEDO DE AVIÃO', 'Foi por medo de avião', 'BRA'),
(932, 'Renato e Seus Blue Caps', 3922, 'MENINA LINDA', 'Ah! Deixa essa boneca faça-me o favor', 'BRA'),
(933, 'Soweto', 3923, 'MOMENTOS', 'Deixa o nosso mundo se encontrar', 'BRA'),
(934, 'Celine Dion', 3924, 'MY HEART WILL GO ON', 'Every night In my dreams I see you, I f', 'EUA'),
(935, 'Chitãozinho e Xororó', 3925, 'O HOMEM DE NAZARÉ', 'Ei, tá chegando o ano dois mil', 'BRA'),
(936, 'Altemar Dutra', 3926, 'O TROVADOR', 'Sonhei que eu era um dia um trovador', 'BRA'),
(937, 'Banda Cheiro de Amor', 3927, 'OLHA EU AÍ', 'Olha... ê olha eu olha eu sim', 'BRA'),
(938, 'Gonzaguinha', 3928, 'PONTO DE INTERROGAÇÃO', 'Por acaso algum dia você se...', 'BRA'),
(939, 'Sensação', 3929, 'PRECISO DESSE MEL', 'Quando a sua beleza pisou', 'BRA'),
(940, 'Roberto Carlos', 3930, 'QUANDO', 'Quando você se separou de mim', 'BRA'),
(941, 'Cleiton e Camargo', 3931, 'QUANDO UM GRANDE AMOR SE FAZ', 'Todo amor parece no começo um mar de', 'BRA'),
(942, 'Ciro Monteiro', 3932, 'SE ACASO VOCÊ CHEGASSE', 'Se acaso você chegasse e no meu', 'BRA'),
(943, 'Chitãozinho e Xororó', 3933, 'SE DEUS ME OUVISSE', 'Ah! Se Deus me ouvisse e mandasse pra', 'BRA'),
(944, 'Luiz Carlos', 3934, 'SEMPRE HÁ SAÍDA', 'Quantas vezes eu te pedi pra se lembrar', 'BRA'),
(945, 'Debora Blando', 3935, 'SOMENTE O SOL', 'Somente o sol você e eu', 'BRA'),
(946, 'Peninha', 3936, 'SONHOS', 'Tudo era apenas uma brincadeira', 'BRA'),
(947, 'Caetano Veloso-Gal Costa', 3937, 'SORTE', 'Tudo de bom que você me fizer', 'BRA'),
(948, 'Bruno e Marrone', 3938, 'TE AMO E NÃO TE QUERO', 'Pegue tudo aquilo que é seu', 'BRA'),
(949, 'Lulu Santos', 3939, 'TEMPOS MODERNOS', 'Eu vejo a vida melhor no futuro', 'BRA'),
(950, 'Zezé Di Camargo e Luciano', 3940, 'VIVENDO POR VIVER', 'Sem motivo vou vivendo por aí', 'BRA'),
(951, 'Moacyr Franco', 3946, 'AINDA ONTEM CHOREI DE SAUDADE', 'Você me pede na carta que eu desapareça', 'BRA'),
(952, 'Fábio Jr.', 3951, 'DESEJOS E DELÍRIOS', 'Amor é uma palavra que enfeita, que', 'BRA'),
(953, 'Banda Magníficos', 3965, 'O HOMEM IDEAL', 'Só quero um homem que...', 'BRA'),
(954, 'Carlos Gonzaga', 3966, 'OH CAROL', 'Oh Carol sem o teu amor tudo é tristeza', 'BRA'),
(955, 'Geraldo Vandré', 3968, 'PRA NÃO DIZER QUE NÃO FALEI DAS FLORES', 'Caminhando e cantando e...', 'BRA'),
(956, 'Ed Motta', 4000, 'FORA DA LEI', 'Cidade nua, noite neon', 'BRA'),
(957, 'Baby do Brasil (Baby Consuelo)', 4004, 'MENINO DO RIO', 'Menino do Rio calor que provoca arrepio', 'BRA'),
(958, 'Skank', 4011, 'RESPOSTA', 'Bem mais que o tempo que nós perdemos', 'BRA'),
(959, 'Chrystian e Ralf', 4013, 'SENSÍVEL DEMAIS', 'Hoje eu tive medo de acordar de um sonho', 'BRA'),
(960, 'Leandro e Leonardo', 4015, 'UM SONHADOR', 'Eu não sei pra onde vou...', 'BRA'),
(961, 'Sandy-Andrea Bocelli', 4019, 'VIVO POR ELLA', 'Vivo por ella sin saber', 'ESP'),
(962, 'Daniel', 4021, 'ADORO AMAR VOCÊ', 'Tá no meu paladar...', 'BRA'),
(963, 'Cleiton e Camargo', 4022, 'AGENDA RABISCADA', 'Você fala por aí que não me ama', 'BRA'),
(964, 'José Augusto', 4023, 'AGUENTA CORAÇÃO', 'Coração diz pra mim...', 'BRA'),
(965, 'Gal Costa', 4026, 'BABY', 'Você precisa saber da...', 'BRA'),
(966, 'Raul Seixas', 4029, 'COWBOY FORA DA LEI', 'Mamãe não quero ser prefeito', 'BRA'),
(967, 'Leandro e Leonardo', 4030, 'CUMADE E CUMPADE', 'Veste a calça Saint Tropez...', 'BRA'),
(968, 'Marisa Monte', 4031, 'DE NOITE NA CAMA', 'De noite na cama, eu fico pensando', 'BRA'),
(969, 'Chitãozinho e Xororó', 4032, 'DEIXEI DE SER COWBOY POR ELA', 'Eu sempre acreditei no amor', 'BRA'),
(970, 'Zezé Di Camargo e Luciano', 4049, 'PRA NÃO PENSAR EM VOCÊ', 'Quando a saudade doer...', 'BRA'),
(971, 'Marcos Sabino', 4051, 'RELUZ', 'Brilha no céu de novo uma estrela ah', 'BRA'),
(972, 'Terrasamba', 4056, 'TÁ TIRANDO ONDA', 'Tá tirando onda, tá tirando ondinha', 'BRA'),
(973, 'Elis Regina', 4063, 'ALÔ, ALÔ MARCIANO', 'Alô, alô marciano ...', 'BRA'),
(974, 'Gilberto Gil', 4065, 'ANDAR COM FÉ', 'Andar com fé eu vou, que a fé...', 'BRA'),
(975, 'Altemar Dutra', 4067, 'BRIGAS', 'Veja só que tolice nós dois', 'BRA'),
(976, 'Zezé Di Camargo e Luciano-Júlio Iglesias', 4074, 'DOIS AMIGOS', 'Amigo eu vim aqui pra te falar', 'BRA'),
(977, 'Rick e Renner', 4076, 'ELA É DEMAIS', 'Ela tem um jeito lindo de me olhar nos', 'BRA'),
(978, 'Sandy e Júnior-Toquinho', 4077, 'ERA UMA VEZ', 'Era uma vez, um lugarzinho no meio do nada', 'BRA'),
(979, 'Alcione-Alexandre Pires', 4079, 'ESTRANHA LOUCURA', 'Minha estranha loucura', 'BRA'),
(980, 'Tunai', 4082, 'FRISSON', 'Meu coração pulou você chegou me deixou', 'BRA'),
(981, 'Djavan', 4096, 'SAMURAI', 'Ah! Quanto querer cabe em meu coração', 'BRA'),
(982, 'Roberto Carlos', 4100, 'VOCÊ NÃO SERVE PRA MIM', 'Não fique triste não se zangue', 'BRA'),
(983, 'Jane Duboc', 4103, 'CHAMA DA PAIXÃO', 'Tanto tempo tentando te...', 'BRA'),
(984, 'Milionário e José Rico', 4110, 'ESTRADA DA VIDA', 'Nesta longa estrada da vida', 'BRA'),
(985, 'Reginaldo Rossi', 4114, 'GARÇOM', 'Garçom, aqui nesta mesa de bar', 'BRA'),
(986, 'Titãs', 4116, 'INSENSÍVEL', 'Até parece loucura não sei explicar', 'BRA'),
(987, 'Caetano Veloso', 4134, 'SOZINHO', 'Às vezes no silêncio da noite', 'BRA'),
(988, 'Roberto Carlos', 4139, 'VÊ SE VOLTA PRA MIM', 'Deixa que eu me acerte com o seu coração', 'BRA'),
(989, 'Dalva de Oliveira', 4144, 'BANDEIRA BRANCA', 'Bandeira branca amor não...', 'BRA'),
(990, 'Roberto Carlos', 4149, 'CAVALGADA', 'Vou cavalgar por toda a noite', 'BRA'),
(991, 'Rionegro e Solimões', 4151, 'DE SÃO PAULO A BELÉM', 'Deu um arroxo no peito eu fiquei', 'BRA'),
(992, 'Zé Ramalho', 4154, 'ENTRE A SERPENTE E A ESTRELA', 'Há um brilho de faca onde o amor', 'BRA'),
(993, 'Caetano Veloso', 4159, 'LUA E ESTRELA', 'Menina do anel de lua e estrela', 'BRA'),
(994, 'Adriana Calcanhoto', 4161, 'MENTIRAS', 'Nada ficou no lugar ...', 'BRA'),
(995, 'Legião Urbana', 4168, 'POR ENQUANTO', 'Mudaram as estações e nada...', 'BRA'),
(996, 'Daniel', 4169, 'PRA FALAR A VERDADE', 'Um amigo me falou a poeira...', 'BRA'),
(997, 'Ney Matogrosso', 4175, 'SANGUE LATINO', 'Jurei mentiras e sigo sozinho...', 'BRA'),
(998, 'Nana Caymmi', 4178, 'SUAVE VENENO', 'Vive encantado de amor...', 'BRA'),
(999, 'Elis Regina', 4182, 'CASA NO CAMPO', 'Eu quero uma casa no campo', 'BRA'),
(1000, 'Sérgio Reis', 4184, 'CHALANA', 'Lá vai a chalana bem longe se vai', 'BRA'),
(1001, 'Maria Creuza', 4191, 'EU SEI QUE VOU TE AMAR', 'Eu sei que vou te amar', 'BRA'),
(1002, 'Roberto Carlos', 4209, 'PROPOSTA', 'Eu te proponho nós nos amarmos', 'BRA'),
(1003, 'Angélica', 4217, 'TERRA DO NUNCA', 'Lápis de cor, bicicleta, bom bom', 'BRA'),
(1004, 'Roupa Nova', 4218, 'TÍMIDA', 'Lábios com sabor de hortelã...', 'BRA'),
(1005, 'Leonardo', 4229, 'CANÇÃO DO TERCEIRO MILÊNIO', 'Meu Deus eu te peço durante a passagem', 'BRA'),
(1006, 'Nelson Gonçalves', 4235, 'FICA COMIGO ESTA NOITE', 'Fica comigo esta noite...', 'BRA'),
(1007, 'Luiz Melodia', 4247, 'PÉROLA NEGRA', 'Tente passar pelo que estou passando', 'BRA'),
(1008, 'Sérgio Reis', 4257, 'TOCANDO EM FRENTE', 'Ando devagar porque já tive pressa', 'BRA'),
(1009, 'Rionegro e Solimões', 4261, 'A GENTE SE ENTREGA', 'Uma dose de saudade misturada com', 'BRA'),
(1010, 'Roberto Carlos', 4270, 'EU TE DAREI O CÉU', 'Eu te darei o céu meu bem', 'BRA'),
(1011, 'Quarteto em CY-MPB4', 4271, 'FALANDO DE AMOR', 'Se eu pudesse por um dia esse amor e', 'BRA'),
(1012, 'Leonardo', 4278, 'MANO', 'Mano você é meu sangue mais que um', 'BRA'),
(1013, 'Raimundos', 4283, 'MULHER DE FASES', 'Que mulher ruim jogou minhas coisas fora', 'BRA'),
(1014, 'Caetano Veloso', 4286, 'O LEÃOZINHO', 'Gosto muito de te ver leãozinho', 'BRA'),
(1015, 'Gilberto Gil', 4288, 'PALCO', 'Uá pá pá pá... Subo nesse...', 'BRA'),
(1016, 'Zezé Di Camargo e Luciano', 4289, 'PARE', 'Pare até quando você quer', 'BRA'),
(1017, 'Charlie Brown Jr.', 4291, 'PROIBIDA PRA MIM', 'Ela achou o meu cabelo engraçado', 'BRA'),
(1018, 'Secos e Molhados', 4293, 'ROSA DE HIROSHIMA', 'Pensem nas crianças mudas telepáticas', 'BRA'),
(1019, 'Leandro e Leonardo', 4294, 'RUMO A GOIÂNIA', 'É noite o carro está rugindo...', 'BRA'),
(1020, 'Rionegro e Solimões', 4312, 'FALTA VOCÊ', 'O dia vai se acabando a tarde vai se', 'BRA'),
(1021, 'Fábio Jr.', 4313, 'FELICIDADE', 'Um jeito, um gesto envolto de ternura', 'BRA'),
(1022, 'Paulinho da Viola', 4315, 'FOI UM RIO QUE PASSOU EM MINHA VIDA', 'Se um dia meu coração...', 'BRA'),
(1023, 'Ana Carolina', 4316, 'GARGANTA', 'Minha garganta estranha quando não te', 'BRA'),
(1024, 'Sandy e Júnior', 4317, 'IMORTAL (IMMORTALITY)', 'É bem assim que estou é tudo que restou', 'BRA'),
(1025, 'Chico Buarque-Nara Leão', 4319, 'JOÃO E MARIA', 'Agora eu era o herói', 'BRA'),
(1026, 'Elis Regina', 4326, 'O MESTRE-SALA DOS MARES', 'Há muito tempo nas águas da Guanabara', 'BRA'),
(1027, 'Sérgio Reis', 4331, 'PINGA NI MIM', 'Nesta casa tem goteira pinga ni mim', 'BRA'),
(1028, 'Daniel', 4338, 'VAI DAR SAMBA', 'Gosto e isso não é nenhum segredo', 'BRA'),
(1029, 'Charlie Brown Jr.', 4340, 'ZÓIO DE LULA', 'Tirou a roupa entrou no mar', 'BRA'),
(1030, 'Djavan', 4343, 'AÇAÍ', 'Solidão de manhã poeira tomando', 'BRA'),
(1031, 'Chitãozinho e Xororó', 4345, 'ALÔ', 'Alô tô ligando pra saber como você e', 'BRA'),
(1032, 'Los Hermanos', 4346, 'ANNA JÚLIA', 'Quem te vê passar assim por mim', 'BRA'),
(1033, 'Sandy e Júnior', 4347, 'AS QUATRO ESTAÇÕES', 'A noite cai o frio desce', 'BRA'),
(1034, 'Nilton César', 4350, 'FÉRIAS NA ÍNDIA', 'À Índia fui em férias passear', 'BRA'),
(1035, 'Bala, Bombom e Chocolate', 4351, 'FISSURAS DE UM CASAL', 'Hoje eu acordei e ouvi a nossa canção', 'BRA'),
(1036, 'Roberto Carlos', 4352, 'FORÇA ESTRANHA', 'Eu vi um menino correndo eu vi o tem', 'BRA'),
(1037, 'Legião Urbana', 4355, 'HOJE A NOITE NÃO TEM LUAR', 'Ela passou do meu lado...', 'BRA'),
(1038, 'Leonardo', 4360, 'MENTIRA QUE VIROU PAIXÃO', 'Tinha que ser você mas o destino não', 'BRA'),
(1039, 'Rosana', 4366, 'O AMOR E O PODER', 'A música na sombra o ritmo no ar', 'BRA'),
(1040, 'Luiz Gonzaga', 4367, 'OVO DE CODORNA', 'Eu quero ovo de codorna pra comer', 'BRA'),
(1041, 'Barão Vermelho', 4369, 'POR VOCÊ', 'Por você eu dançaria tango no teto', 'BRA'),
(1042, 'Agnaldo Timóteo', 4370, 'QUEM É', 'Quem é que não sofre por alguém', 'BRA'),
(1043, 'Baby do Brasil (Baby Consuelo)', 4372, 'SEM PECADO E SEM JUÍZO', 'Dia após dia começo a encontrar', 'BRA'),
(1044, 'Zezé Di Camargo e Luciano', 4373, 'SERÁ QUE FOI SAUDADE', 'Diga logo o que te trouxe aqui', 'BRA'),
(1045, 'Antônio Marcos', 4376, 'SONHOS DE UM PALHAÇO', 'Vejam só que história boba...', 'BRA'),
(1046, 'IRA!', 4377, 'TEOREMA', 'Não vá embora fique um pouco...', 'BRA'),
(1047, 'Almir Sater', 4379, 'UM VIOLEIRO TOCA', 'Quando uma estrela cai no escurão da', 'BRA'),
(1048, 'Golden Boys', 4384, 'ALGUÉM NA MULTIDÃO', 'Se você perdeu um amor como...', 'BRA'),
(1049, 'Sandy e Júnior', 4387, 'APRENDER A AMAR', 'Ô uô ô ô... Tenho um segredo pra contar', 'BRA'),
(1050, 'Rionegro e Solimões', 4389, 'BATE O PÉ', 'Alô galera bate a mão e bate o pé', 'BRA'),
(1051, 'Cazuza', 4390, 'BRASIL', 'Não me convidaram pra esta festa pobre', 'BRA'),
(1052, 'Trio Esperança', 4394, 'FILME TRISTE', 'Filme triste que me fez chorar', 'BRA'),
(1053, 'Kid Abelha', 4397, 'LÁGRIMAS E CHUVA', 'Eu perco o sono e choro...', 'BRA'),
(1054, 'Lairton e Seus Teclados', 4400, 'MORANGO DO NORDESTE', 'Estava tão tristonho quando...', 'BRA'),
(1055, 'Gian e Giovani', 4405, 'NEM DORMINDO CONSIGO TE ESQUECER', 'Não é fácil ficar sem você...', 'BRA'),
(1056, 'Los Hermanos', 4408, 'PRIMAVERA', 'Primavera se foi e com ela meu amor', 'BRA'),
(1057, 'Caetano Veloso', 4409, 'QUALQUER COISA', 'Esse papo já tá qualquer coisa', 'BRA'),
(1058, 'Elis Regina', 4415, 'UPA NEGUINHO', 'Upa neguinho na estrada upa pra lá e', 'BRA'),
(1059, 'Chico Buarque', 4416, 'VAI PASSAR', 'Vai passar nessa avenida um samba', 'BRA'),
(1060, 'Roberto Carlos', 4421, 'A GUERRA DOS MENINOS', 'Hoje eu tive um sonho que foi o mais', 'BRA'),
(1061, 'Titãs', 4423, 'ALUGA-SE', 'A solução pro nosso povo eu vou dar', 'BRA'),
(1062, 'Marisa Monte', 4424, 'AMOR I LOVE YOU', 'Deixa eu dizer que te amo', 'BRA'),
(1063, 'Fafá de Belém', 4430, 'CORAÇÃO DO AGRESTE', 'Regressar é reunir Dois lados', 'BRA'),
(1064, 'Ivan Lins', 4434, 'DEPENDE DE NÓS', 'Depende de nós...', 'BRA'),
(1065, 'Rionegro e Solimões', 4439, 'FRIO DA MADRUGADA', 'Sei que você quer voltar Quem sou eu pra', 'BRA'),
(1066, 'RPM', 4440, 'LOURAS GELADAS', 'Disfarça e faz que nem me viu', 'BRA'),
(1067, 'Daniel', 4455, 'QUE ERA EU', 'Um dia você vai procurar por mim', 'BRA'),
(1068, 'Ivete Sangalo', 4457, 'SE EU NÃO TE AMASSE TANTO ASSIM', 'Meu coração sem direção...', 'BRA'),
(1069, 'Cauby Peixoto', 4468, 'CONCEIÇÃO', 'Conceição eu me lembro Muito bem', 'BRA'),
(1070, 'Roberto Carlos', 4469, 'CUSTE O QUE CUSTAR', 'Já nem sei dizer Se sou feliz ou não', 'BRA'),
(1071, 'Zezé Di Camargo e Luciano', 4470, 'DA BOCA PRA FORA', 'Pode tudo se perder Posso até enlouquecer', 'BRA'),
(1072, 'Verônica Sabino', 4472, 'DEMAIS', 'Foi um vento que passou Que te trouxe', 'BRA'),
(1073, 'Gilberto Gil', 4473, 'ESPERANDO NA JANELA', 'Ainda me lembro Do seu...', 'BRA'),
(1074, 'Moacyr Franco', 4474, 'EU TE DAREI BEM MAIS', 'Pelo menos desta vez', 'BRA'),
(1075, 'Sérgio Reis', 4477, 'FILHO ADOTIVO', 'Com sacrifício eu criei meus sete filhos', 'BRA'),
(1076, 'Martinho da Vila', 4481, 'MADALENA DO JUCU', 'Madalena Madalena Você é meu bem que', 'BRA'),
(1077, 'Tonico e Tinoco', 4483, 'MORENINHA LINDA', 'Meu coração tá pisado', 'BRA'),
(1078, 'Rodrigo Faro', 4484, 'NÃO DIGA NADA', 'Olha pra mim Não diga nada', 'BRA'),
(1079, 'Marisa Monte', 4487, 'O QUE ME IMPORTA', 'O que me importa Seu carinho agora', 'BRA'),
(1080, 'Sandy e Júnior', 4488, 'OLHA O QUE O AMOR ME FAZ', 'Meu coração bate Ligeiramente apertado', 'BRA'),
(1081, 'Leonardo', 4494, 'QUERO COLO', 'Quem é que garante Que não vou chorar', 'BRA'),
(1082, 'Gal Costa', 4500, 'VAPOR BARATO', 'Oh sim Eu estou tão cansado...', 'BRA'),
(1083, 'Paul Anka', 4509, 'DIANA', 'I''m so young and you''re so old this my darling', 'EUA'),
(1084, 'Madonna', 4535, 'LIKE A VIRGIN', 'I made it through the wilderness', 'EUA'),
(1085, 'Eric Clapton', 4608, 'TEARS IN HEAVEN', 'Would you know my name if I saw you in', 'EUA'),
(1086, 'Elton John', 4768, 'SKYLINE PIGEON', 'Turn me loose from your hands', 'EUA'),
(1087, 'Elvis Presley', 4779, 'SUSPICIOUS MINDS', 'We''re caught in a trap I can''t walk out', 'EUA'),
(1088, 'Shania Twain-Back Street Boys', 4822, 'FROM THIS MOMENT ON', 'From this moment life has begun', 'EUA'),
(1089, 'Madonna', 4830, 'LIKE A PRAYER', 'Life is a mystery everyone must stand alone', 'EUA'),
(1090, 'Queen', 4937, 'LOVE OF MY LIFE', 'Love of my life, you''ve hurt me', 'EUA'),
(1091, 'Sandy e Júnior', 6002, 'A LENDA', 'Bem lá no céu Uma lua existe', 'BRA'),
(1092, 'Skank', 6006, 'BALADA DO AMOR INABALÁVEL', 'Leva essa canção de Amor dançante pra', 'BRA'),
(1093, 'Maria Creuza-Toquinho-Viníciusde Moraes', 6020, 'MINHA NAMORADA', 'Meu poeta eu hoje Estou contente', 'BRA'),
(1094, 'Roberto Carlos', 6023, 'O CALHAMBEQUE', 'Essa é uma das muitas histórias...', 'BRA'),
(1095, 'Capital Inicial-Kiko Zambianchi', 6028, 'PRIMEIROS ERROS', 'Meu caminho é cada manhã', 'BRA'),
(1096, 'Daniel', 6029, 'QUANDO O CORAÇÃO SE APAIXONA', 'Quando o coração Da gente se apaixona', 'BRA'),
(1097, 'Trio Esperança', 6042, 'A FESTA DO BOLINHA', 'Eu ontem fui à festa na casa do Bolinha', 'BRA'),
(1098, 'Elis Regina', 6051, 'CARTOMANTE', 'Nos dias de hoje é bom que ...', 'BRA'),
(1099, 'Nelson Gonçalves', 6054, 'CHÃO DE ESTRELAS', 'Minha vida era um palco iluminado', 'BRA'),
(1100, 'IRA!', 6056, 'ENVELHEÇO NA CIDADE', 'Mais um ano que se passa mais...', 'BRA'),
(1101, 'Hino do Flamengo', 6063, 'HINO DO FLAMENGO', 'Uma vez Flamengo sempre...', 'BRA'),
(1102, 'Zeca Pagodinho', 6064, 'JURA', 'Jura jura jura pelo Senhor', 'BRA'),
(1103, 'Wanessa Camargo', 6070, 'O AMOR NÃO DEIXA', 'O que fazer quando um querer', 'BRA'),
(1104, '14 Bis', 6074, 'PLANETA SONHO', 'Aqui ninguém mais ficará de...', 'BRA'),
(1105, 'Ivete Sangalo', 6081, 'A LUA Q EU T DEI', 'Posso te falar dos sonhos...', 'BRA'),
(1106, 'Wanessa Camargo', 6083, 'APAIXONADA POR VOCÊ', 'Você chegou e eu descobri a paixão', 'BRA'),
(1107, 'Lulu Santos', 6084, 'APENAS MAIS UMA DE AMOR', 'Eu gosto tanto de você que até prefiro', 'BRA'),
(1108, 'Roberto Carlos', 6085, 'AS CURVAS DA ESTRADA DE SANTOS', 'Se você pretende saber quem eu sou', 'BRA'),
(1109, 'Gonzaguinha', 6094, 'É', 'É a gente quer valer o nosso...', 'BRA'),
(1110, 'Elba Ramalho', 6095, 'ENTRE O CÉU E O MAR', 'Quantos labirintos tem meu ...', 'BRA'),
(1111, 'Hermes Aquino', 6104, 'NUVEM PASSAGEIRA', 'Eu sou nuvem passageira que...', 'BRA'),
(1112, 'Ana Carolina', 6109, 'QUEM DE NÓS DOIS', 'Eu e você não é assim tão complicado não é', 'BRA'),
(1113, 'Rastapé', 6123, 'COLO DE MENINA', 'A lua quando brilha falo de amor', 'BRA'),
(1114, 'Roupa Nova', 6125, 'CORAÇÃO PIRATA', 'Na na iê... O meu coração pirata toma tudo', 'BRA'),
(1115, 'Zezé Di Camargo e Luciano', 6129, 'DOU A VIDA POR UM BEIJO', 'Difícil demais de amar assim minha timidez', 'BRA'),
(1116, 'Daniel', 6130, 'EMBRIAGADO DE AMOR', 'Eu pensei que a minha base...', 'BRA');
INSERT INTO `tb_lista_principal` (`idListaPrincipal`, `interprete`, `codigo`, `titulo`, `inicio`, `idioma`) VALUES
(1117, 'Cláudia Telles', 6134, 'FIM DE TARDE', 'Hoje eu sinto tanto não ter você e nem o tempo', 'BRA'),
(1118, 'Ednardo', 6151, 'PAVÃO MYSTERIOZO', 'Pavão Mysteriozo pássaro formoso', 'BRA'),
(1119, 'Tim Maia', 6153, 'PUDERA', 'Pudera te encontrar aqui pudera este lugar', 'BRA'),
(1120, 'Rionegro e Solimões', 6154, 'SÓ ALEGRIA', 'Hoje o meu coração tá a fim de emoção', 'BRA'),
(1121, 'Leonardo', 6157, 'TODAS AS COISAS DO MUNDO', 'Não adianta te dar todas as coisas do', 'BRA'),
(1122, 'Joanna', 6162, 'A PADROEIRA', 'Ó Virgem Santa rogai por nós...', 'BRA'),
(1123, 'Zizi Possi', 6163, 'A PAZ', 'A paz invadindo meu coração de repente me', 'BRA'),
(1124, 'Eduardo Dusek', 6167, 'BARRADOS NO BAILE', 'Uapa pararu rara... Ela num macacão de', 'BRA'),
(1125, 'Ivete Sangalo', 6169, 'BUG BUG BYE BYE', 'Não quero mais esse amor no...', 'BRA'),
(1126, 'Chitãozinho e Xororó-R.McEntire', 6170, 'CORAÇÃO VAZIO', 'Lá fora a chuva cai e o que acontece', 'BRA'),
(1127, 'IRA!', 6171, 'DIAS DE LUTA', 'Só depois de muito tempo fui...', 'BRA'),
(1128, 'Jota Quest', 6172, 'DIAS MELHORES', 'Vivemos esperando dias...', 'BRA'),
(1129, 'Bruno e Marrone', 6173, 'DORMI NA PRAÇA (VERSÃO ACÚSTICA)', 'Caminhei sozinho pela rua falei com as', 'BRA'),
(1130, 'Caetano Veloso', 6174, 'DRÃO', 'Drão o amor da gente é como um grão', 'BRA'),
(1131, 'Sandy e Júnior', 6176, 'ENROSCA', 'Enrosca o meu pescoço dá um beijo no meu', 'BRA'),
(1132, 'Wanessa Camargo', 6178, 'EU POSSO TE SENTIR', 'Quando eu sinto a mágica do amor no', 'BRA'),
(1133, 'Titãs', 6180, 'HOMEM PRIMATA', 'Desde os primórdios até hoje em dia', 'BRA'),
(1134, 'Rionegro e Solimões', 6181, 'LENHA', 'Eu não sei dizer o que quer dizer o que eu vou', 'BRA'),
(1135, 'Marisa Monte', 6190, 'PANIS ET CIRCENSES', 'Eu quis cantar minha canção iluminada de sol', 'BRA'),
(1136, 'Fábio Jr.-Bonnie Tyler', 6193, 'SEM LIMITES PRA SONHAR', 'Há uma chance da gente se encontrar', 'BRA'),
(1137, 'Silvinha', 6195, 'SPLISH SPLASH', 'Splish splash fez o beijo que eu dei', 'BRA'),
(1138, 'Gilberto Gil', 6196, 'SUPER-HOMEM (A CANÇÃO)', 'Um dia vivi a ilusão de que ser...', 'BRA'),
(1139, '14 Bis', 6197, 'TODO AZUL DO MAR', 'Foi assim como ver o mar a ...', 'BRA'),
(1140, 'Paralamas do Sucesso', 6199, 'VITAL E SUA MOTO', 'Vital andava a pé e achava que assim estava', 'BRA'),
(1141, 'Skank', 6202, 'ACIMA DO SOL', 'Assim ela já vai achar o cara que lhe queira', 'BRA'),
(1142, 'Roberto Carlos', 6209, 'CAMA E MESA', 'Eu quero ser sua canção eu quero ser', 'BRA'),
(1143, 'Pato Fú', 6210, 'CANÇÃO PRA VOCÊ VIVER MAIS', 'Nunca pensei um dia chegar e te ouvir dizer', 'BRA'),
(1144, 'Renato e Seus Blue Caps', 6211, 'COISA LINDA (FECHE OS OLHOS)', 'Feche os olhos e sinta um beijinho agora', 'BRA'),
(1145, 'Rita Lee', 6212, 'COR-DE-ROSA CHOQUE', 'As duas faces de Eva a Bela e a Fera', 'BRA'),
(1146, 'Titãs', 6220, 'FLORES', 'Olhei até ficar cansado de ver os meus olhos', 'BRA'),
(1147, 'Lara Fabian', 6222, 'MEU GRANDE AMOR', 'Eu sonhei e esperei por seu...', 'BRA'),
(1148, 'Simone', 6227, 'O AMANHÃ', 'A cigana leu o meu destino eu sonhei bola', 'BRA'),
(1149, 'Sandy e Júnior', 6228, 'O AMOR FAZ', 'Eu ficava olhando as estrelas e fazia um', 'BRA'),
(1150, 'Cazuza', 6230, 'O TEMPO NÃO PÁRA', 'Desperto contra o sol sou forte sou', 'BRA'),
(1151, 'O Rappa', 6231, 'PESCADOR DE ILUSÕES', 'Se meus joelhos não doessem mais', 'BRA'),
(1152, 'Joanna', 6235, 'RECADO', 'Mandei um recado pro meu...', 'BRA'),
(1153, 'Falamansa', 6240, 'XOTE DA ALEGRIA', 'Se um dia alguém mandou ser o que sou e o', 'BRA'),
(1154, 'Titãs', 6243, 'A MELHOR BANDA DE TODOS OS TEMPOS', 'Quinze minutos de fama mais um pros', 'BRA'),
(1155, 'Alexandre Pires', 6251, 'É POR AMOR', 'A noite de lua cheia é quase imprescindível', 'BRA'),
(1156, 'Cogumelo Plutão', 6253, 'ESPERANDO NA JANELA', 'Tchu tchurururu... Quando me perdi você', 'BRA'),
(1157, 'Wanessa Camargo', 6254, 'EU QUERO SER O SEU AMOR', 'Na nana... Tá na hora de assumir o que existe', 'BRA'),
(1158, 'Ivete Sangalo', 6256, 'FESTA', 'Festa no gueto pode vir pode...', 'BRA'),
(1159, 'Chitãozinho e Xororó-Roupa Nova', 6258, 'FRIO DA SOLIDÃO (DON''T LET ME DOWN)', 'Quero entender porque razão tudo acabou', 'BRA'),
(1160, 'Legião Urbana', 6262, 'LOVE IN THE AFTERNOON', 'É tão estranho os bons...', 'BRA'),
(1161, 'Milionário e José Rico', 6272, 'QUEM DISSE QUE ESQUECI', 'Quem disse que esqueci se tudo por aqui', 'BRA'),
(1162, 'Roupa Nova', 6273, 'SAPATO VELHO', 'Você lembra lembra daquele tempo eu tinha', 'BRA'),
(1163, 'Daniel', 6275, 'SÓ SEU AMOR NÃO VAI EMBORA', 'Todas as lembranças suas eu desfiz', 'BRA'),
(1164, 'Altemar Dutra', 6277, 'SOMOS IGUAIS', 'Acabei de saber que você riu de mim', 'BRA'),
(1165, 'Caetano Veloso', 6278, 'SOY LOCO POR TI AMERICA', 'Soy loco por ti America yo voy traer una', 'BRA'),
(1166, 'Marisa Monte', 6283, 'A SUA', 'Eu só quero que você saiba que eu estou', 'BRA'),
(1167, 'KLB', 6293, 'EU NUNCA TE ESQUECI', 'De novo vem a noite e eu...', 'BRA'),
(1168, 'Sandy e Júnior', 6301, 'NÃO DÁ PRA NÃO PENSAR', 'Não dá pra não pensar em você tá cada vez', 'BRA'),
(1169, 'Alexandre Pires', 6302, 'NECESSIDADE', 'Beijar tua boca é a minha aventura', 'BRA'),
(1170, 'Agnaldo Rayol', 6303, 'O PRINCÍPIO E O FIM', 'A minha vida em carinhos darei por toda uma', 'BRA'),
(1171, 'Caetano Veloso', 6305, 'PODRES PODERES', 'Enquanto os homens exercem seus podres', 'BRA'),
(1172, 'Benito Di Paula', 6310, 'RETALHOS DE CETIM', 'Ensaiei meu samba o ano inteiro comprei surdo', 'BRA'),
(1173, 'Roberto Carlos', 6316, 'TODOS ESTÃO SURDOS', 'La larara la la... Desde o começo do mundo', 'BRA'),
(1174, 'Daniel', 6318, 'UM BEIJO PRA ME ENLOUQUECER', 'Às vezes perto de você eu...', 'BRA'),
(1175, 'Legião Urbana', 6324, 'ANDREA DORIA', 'Às vezes parecia que de...', 'BRA'),
(1176, 'Kelly Key', 6325, 'BABA', 'Coitado... Você não acreditou...', 'BRA'),
(1177, 'Roberto Carlos', 6329, 'E POR ISSO ESTOU AQUI', 'Olha dentro dos meus olhos vê quanta tristeza', 'BRA'),
(1178, 'Titãs', 6330, 'EPITÁFIO', 'Devia ter amado mais ter chorado mais', 'BRA'),
(1179, 'IRA!', 6332, 'FLORES EM VOCÊ', 'De todo o meu passado boas e...', 'BRA'),
(1180, 'Sandra de Sá', 6334, 'JOGA FORA', 'É cansei já não dá mais você pisou demais', 'BRA'),
(1181, 'Markinhos Moura', 6335, 'MEU MEL', 'Fica comigo meu mel tire o adeus das mãos', 'BRA'),
(1182, 'O Rappa', 6337, 'MINHA ALMA (A PAZ QUE EU NÃO QUERO)', 'A minha alma tá armada e apontada para cara', 'BRA'),
(1183, 'Daniela Mercury', 6339, 'MUTANTE', 'Kiss me baby... Juro que não vai doer', 'BRA'),
(1184, 'Kid Abelha', 6340, 'NADA TANTO ASSIM', 'Só tenho tempo pras...', 'BRA'),
(1185, 'Cássia Eller', 6343, 'O SEGUNDO SOL', 'Quando o segundo sol chegar para realinhar as', 'BRA'),
(1186, 'Marisa Monte', 6344, 'ONTEM AO LUAR', 'Ontem ao luar nós dois em plena solidão tu me', 'BRA'),
(1187, 'Antônio Marcos', 6351, 'SE EU PUDESSE CONVERSAR COM DEUS', 'Eu hoje estou tão triste eu precisava tanto', 'BRA'),
(1188, 'Fábio Jr.', 6354, 'SEM PESO E SEM MEDIDA', 'Quando a noite desce com um beijo', 'BRA'),
(1189, 'Tim Maia', 6356, 'SOSSEGO', 'Ora bolas não me amole com esse papo de', 'BRA'),
(1190, 'Wanessa Camargo', 6357, 'TANTA SAUDADE', 'Eu nunca fui do tipo que se apaixona', 'BRA'),
(1191, 'KLB', 6359, 'TE AMAR AINDA MAIS', 'Pra que se esconder se...', 'BRA'),
(1192, 'Matogrosso e Mathias', 6366, 'DE IGUAL PRA IGUAL', 'Você mentiu quando jurava para mim quando', 'BRA'),
(1193, 'Zeca Pagodinho', 6367, 'DEIXA A VIDA ME LEVAR', 'Eu já passei por quase tudo nessa vida', 'BRA'),
(1194, 'Rinaldo-Liriel', 6371, 'EU NUNCA MAIS VOU TE ESQUECER', 'Se eu tivesse o coração que dei', 'BRA'),
(1195, 'Marisa Monte', 6377, 'LENDA DAS SEREIAS RAINHA DO MAR', 'Oguntê Marabô Caiala e Sobá', 'BRA'),
(1196, 'Placa Luminosa', 6379, 'MAIS UMA VEZ', 'Telefono te procuro mil loucuras pra poder te', 'BRA'),
(1197, 'Zezé Di Camargo e Luciano', 6381, 'MENINO CANTADOR', 'Sou menino cantador que só quer falar', 'BRA'),
(1198, 'Roberto Carlos', 6387, 'SUA ESTUPIDEZ', 'Meu bem meu bem você tem que acreditar em', 'BRA'),
(1199, 'Skank', 6388, 'TANTO', 'Coveiros gemem tristes ais e realejos', 'BRA'),
(1200, 'Marlon e Maicon', 6390, 'TE PEÇO FICA COMIGO', 'Escuta meu amor faz tanto tempo que eu', 'BRA'),
(1201, 'Chitãozinho e Xororó', 6396, 'UM SONHO DE AMOR', 'De onde vem esse amor tão intenso', 'BRA'),
(1202, 'Ricardo Braga', 6397, 'UMA ESTRELA VAI BRILHAR', 'Uma estrela vai brilhar no meu caminho', 'BRA'),
(1203, 'Sandy e Júnior', 6398, 'VAMO PULÁ', 'Estou sentindo solta pelo ar uma energia que', 'BRA'),
(1204, 'Gino e Geno', 6412, 'ELA CHOROU DE AMOR', 'Ela sentiu saudade ela me...', 'BRA'),
(1205, 'Beto Guedes', 6420, 'MARIA SOLIDÁRIA', 'Eu choro de cara suja meu papagaio o vento', 'BRA'),
(1206, 'Orlando Silva', 6424, 'NADA ALÉM', 'Nada além nada além de uma ilusão', 'BRA'),
(1207, 'Cláudio Zoli', 6427, 'NOITE DO PRAZER', 'A noite vai ser boa de tudo vai rolar vai rolar', 'BRA'),
(1208, 'Sandy e Júnior', 6428, 'O AMOR NOS GUIARÁ', 'Vamos ter momentos a chorar nós vamos ter', 'BRA'),
(1209, 'Cássia Eller', 6429, 'O MEU MUNDO FICARIA COMPLETO (COM VOCÊ)', 'Não é porque eu sujei a roupa bem agora que', 'BRA'),
(1210, 'Luan e Vanessa', 6432, 'QUATRO SEMANAS DE AMOR', 'Foi um sonho de verão numa praia', 'BRA'),
(1211, 'Chico Buarque', 6433, 'RODA VIVA', 'Tem dias que a gente se sente como quem', 'BRA'),
(1212, 'Biafra (Byafra)', 6435, 'SONHO DE ÍCARO', 'Voar voar subir subir ir por onde for', 'BRA'),
(1213, 'Caetano Veloso', 6439, 'TRILHOS URBANOS', 'O melhor o tempo esconde longe muito longe', 'BRA'),
(1214, 'RPM', 6440, 'VIDA REAL', 'Se você pudesse me dizer se você soubesse', 'BRA'),
(1215, 'Alexandre Pires', 6443, 'A MUSA DAS MINHAS CANÇÕES', 'No palco de um pequeno bar eu nunca imaginei', 'BRA'),
(1216, 'Dallas Company', 6451, 'CLIMA DE RODEIO', 'A magia está no ar vejo fogo na arena', 'BRA'),
(1217, 'Jorge Vercilo', 6473, 'QUE NEM MARÉ', 'Faz um tempão que eu não...', 'BRA'),
(1218, 'Frejat', 6474, 'SEGREDOS', 'Eu procuro um amor que ainda não encontrei', 'BRA'),
(1219, 'Edson e Hudson', 6485, 'AZUL', 'Foi na manhã em que eu te encontrei', 'BRA'),
(1220, 'Jota Quest', 6509, 'SÓ HOJE', 'Hoje eu preciso te encontrar...', 'BRA'),
(1221, 'Jorge Vercilo', 6536, 'FÊNIX', 'Eu prisioneiro meu descobri...', 'BRA'),
(1222, 'Tim Maia', 6548, 'PRIMAVERA (VERSÃO ESTÚDIO)', 'Quando o inverno chegar...', 'BRA'),
(1223, 'Fábio Jr.', 6567, 'EM CADA AMANHECER', 'Quando a noite traz o silêncio estou sozinho', 'BRA'),
(1224, 'Rouge', 6639, 'UM ANJO VEIO ME FALAR', 'Tão difícil entender o coração', 'BRA'),
(1225, 'Alexandre Pires', 6640, 'VEM ME AMAR (AMAME)', 'Vem aqui doce amor me ajuda a mudar esse', 'BRA'),
(1226, 'Alexandre Pires', 6649, 'BUM, BUM, BUM', 'Amiga olha só como mudou ...', 'BRA'),
(1227, 'Fábio Jr.', 6661, 'MINHA OUTRA METADE', 'Sabe eu vou tentar de novo', 'BRA'),
(1228, 'Ana Carolina', 6694, 'ENCOSTAR NA TUA', 'Eu quero te roubar pra mim', 'BRA'),
(1229, 'Matogrosso e Mathias', 6717, 'TENTEI TE ESQUECER', 'Ah como quero te encontrar novamente', 'BRA'),
(1230, 'Alexandre Pires-Fat Family', 6764, 'AO SENTIR O AMOR', 'A sensação de ver você chegar sinto as', 'BRA'),
(1231, 'Gino e Geno', 6767, 'CARA DE BOI', 'Eu tô cansado da fazenda e...', 'BRA'),
(1232, 'Fábio Jr.', 6792, 'SENTA AQUI', 'Senta aqui não tenha tanta ...', 'BRA'),
(1233, 'Alexandre Pires', 6816, 'COISA DO DESTINO', 'Isso é coisa do destino eu ...', 'BRA'),
(1234, 'Antônio Marcos', 6919, 'EU TENHO UM AMOR MELHOR QUE O SEU', 'Todo o amor que eu lhe dei você nem ligou', 'BRA'),
(1235, 'Tânia Mara', 6932, 'LOUCA PAIXÃO', 'Você chegou e pôs em mim o seu olhar', 'BRA'),
(1236, 'Zezé Di Camargo e Luciano', 6979, 'SERAFIM E SEUS FILHOS', 'São três machos e uma fêmea por sinal', 'BRA'),
(1237, 'Alexandre Pires', 6988, 'TIRA ELA DE MIM', 'Tira a lembrança que ela deixou', 'BRA'),
(1238, 'Peninha', 7055, 'AMO VOCÊ', 'Não me olhe assim desse jeito meu bem', 'BRA'),
(1239, 'Ana Carolina-Seu Jorge', 7114, 'É ISSO AÍ', 'É isso aí... Como a gente achou ...', 'BRA'),
(1240, 'Léo Jaime', 7176, 'MENSAGEM DE AMOR', 'Os livros na estante já não têm mais tanta', 'BRA'),
(1241, 'Ivete Sangalo', 7227, 'QUANDO A CHUVA PASSAR', 'Pra que falar se você não quer...', 'BRA'),
(1242, 'Papas da Língua', 7355, 'EU SEI', 'Eu sei... tudo pode acontecer eu sei nosso', 'BRA'),
(1243, 'Tânia Mara', 7441, 'SE QUISER', 'Se quiser fugir pra qualquer lugar nem precisa', 'BRA'),
(1244, 'Alexandre Pires', 7697, 'SEM TEU AMOR NADA É IGUAL', 'Me pego remexendo em suas coisas', 'BRA'),
(1245, 'Charlie Brown Jr.', 7944, 'DIAS DE LUTA, DIAS DE GLÓRIA', 'Canto minha vida com orgulho tudo acontece', 'BRA'),
(1246, 'Tânia Mara', 7967, 'FEBRE DE AMOR', 'E vai caindo a noite quase nem dá pra perceber', 'BRA'),
(1247, 'Extreme', 9046, 'MORE THAN WORDS', 'Saying I love you', 'EUA'),
(1248, 'Víctor e Léo', 9456, 'FADA', 'Fada fada querida dona da minha vida você se', 'BRA'),
(1249, 'Alexandre Pires', 9575, 'A DEUS EU PEÇO', 'Que a menina dos meus olhos nunca venha', 'BRA'),
(1250, 'Cezar e Paulinho', 9606, 'AMOR ALÉM DA VIDA', 'Imaginei andei e encontrei a minha outra parte', 'BRA'),
(1251, 'Eduardo Costa', 9610, 'AMOR DE VIOLEIRO', 'Moça eu não sei falar coisas bonitas pra te', 'BRA'),
(1252, 'Víctor e Léo', 9623, 'BORBOLETAS', 'Percebo que o tempo já não passa', 'BRA'),
(1253, 'Alexandre Pires-Revelação', 9655, 'DELÍRIOS DE AMOR', 'Me lembro o dia que cheguei naquela festa', 'BRA'),
(1254, 'Anitta', 15192, 'SHOW DAS PODEROSAS', 'Prepara que agora é hora do show das', 'BRA'),
(1255, 'Paula Fernandes', 15197, 'UM SER AMOR', 'Você veio inteiro como o dia', 'BRA'),
(1256, 'Marcos e Belutti', 15657, 'DOMINGO DE MANHÃ', 'Tá com voz de sono foi mal se te acordei', 'BRA'),
(1257, 'Jads e Jadson', 15663, 'JEITO CARINHOSO', 'Como esquecer o beijo que você...', 'BRA'),
(1258, 'Pablo', 15674, 'PORQUE HOMEM NÃO CHORA', 'Estou indo embora a mala já está lá fora', 'BRA'),
(1259, 'Cristiano Araújo', 15686, 'CÊ QUE SABE', 'O que temos pra hoje é saudade', 'BRA'),
(1260, 'Disney Frozen - Taryn Szpilman', 15829, 'LIVRE ESTOU', 'A neve branca brilhando no ...', 'BRA'),
(1261, 'Marcos E Belutti - Wesley Safadão', 15842, 'AQUELE 1%', 'Eu abro a porta e puxo a cadeira do jantar', 'BRA'),
(1262, 'Jads e Jadson', 15878, 'TOCA UM JOÃO MINEIRO E MARCIANO', 'Um dois três quatro copos já...', 'BRA'),
(1263, 'Fernanda Takai - Padre Fábio De Melo', 15891, 'AMAR COMO JESUS AMOU', 'Um dia uma criança me parou...', 'BRA'),
(1264, 'Tiziano Ferro', 15901, 'IMBRANATO', 'E''iniziato tutto per un tuo...', 'ITA'),
(1265, 'Simone e Simaria', 15908, 'MEU VIOLÃO E O NOSSO CACHORRO', 'Pode ficar aqui sou eu quem vou...', 'BRA'),
(1266, 'Tiago Iorc', 15961, 'AMEI TE VER', 'Ah quase ninguém vê', 'BRA'),
(1267, 'Jorge e Mateus', 15965, 'SOSSEGUEI', 'Tô virado já tem uns três dias', 'BRA'),
(1268, 'Maiara e Maraísa', 15966, '0.1', 'Tô escorada na mesa', 'BRA'),
(1269, 'Marília Mendonça', 15971, 'INFIEL', 'Isso não é uma disputa', 'BRA'),
(1270, 'Marcos e Belutti', 15975, 'ROMÂNTICO ANÔNIMO', 'Lembra daquele garoto que sentou do seu', 'BRA'),
(1271, 'Suricato ', 15980, 'O SANFONEIRO SÓ TOCAVA ISSO', 'O baile lá na roça foi até o sol raiar', 'BRA'),
(1272, 'Henrique e Juliano - Marília Mendonça', 16001, 'FLOR E O BEIJA-FLOR', 'Essa é uma velha história de uma flor', 'BRA'),
(1273, 'Simone e Simaria', 16005, 'QUANDO O MEL É BOM', 'Ôôô ôô ôô... Quando o mel é bom a abelha', 'BRA'),
(1274, 'Naiara Azevedo - Maiara e Maraísa', 16008, '50 REAIS', 'Que cena mais linda será que eu estou', 'BRA'),
(1275, 'Sandy - Tiago Iorc', 16011, 'ME ESPERA', 'Eu ainda estou aqui perdido em mil versões', 'BRA'),
(1276, 'Wanessa Camargo', 16026, 'CORAÇÃO EMBRIAGADO', 'Te desejo uma insônia cheia de lembranças minhas', 'BRA'),
(1277, 'Maiara e Maraísa', 16047, 'MEDO BOBO', 'Iê iê iê... Ah esse tom de voz eu reconheço', 'BRA'),
(1278, 'Jason Mraz', 19081, '93 MILLION MILES', 'Ninety three million miles...', 'EUA'),
(1279, 'Ed Sheeran', 19408, 'PHOTOGRAPH', 'Loving can hurt loving can...', 'EUA'),
(1280, 'Nara Leão', 3941, 'A BANDA', 'Eu estava à toa na vida...', 'BRA'),
(1281, 'Banda Cheiro de Amor', 3942, 'A DANÇA DA SENSUAL', 'Veja a nova dança que eu vou te mostrar', 'BRA'),
(1282, 'Os Vips', 3943, 'A VOLTA', 'Estou guardando o que há de bom em mim', 'BRA'),
(1283, 'Banda Cheiro de Amor', 3944, 'ABRE CORAÇÃO', 'Meu amor, estou tão sozinha', 'BRA'),
(1284, 'Dalvan', 3945, 'AGORA OU NUNCA', 'Agora ou nunca vem me abraçar', 'BRA'),
(1285, 'Caetano Veloso', 3947, 'ALEGRIA ALEGRIA', 'Caminhando contra o vento, sem lenço', 'BRA'),
(1286, 'Banda Eva', 3948, 'ARERÊ', 'Tudo que eu quero nessa vida', 'BRA'),
(1287, 'Ivan Lins', 3949, 'BANDEIRA DO DIVINO', 'Os devotos do divino vão abrir...', 'BRA'),
(1288, 'Lulu Santos', 3950, 'CADÊ VOCÊ', 'Onde está você é o que eu quero saber', 'BRA'),
(1289, 'É o Tchan', 3952, 'DISQUE TCHAN (ALÔ, É TCHAN)', 'Pega no compasso no passo dessa', 'BRA'),
(1290, 'Art Popular', 3953, 'PÉTALAS DE ROSAS', 'ah ah... Desejo de amor eu vou te amar', 'BRA'),
(1291, 'Ronaldo e os Barcelos', 3954, 'FELIZ ANIVERSÁRIO', 'Feliz aniversário meu amor', 'BRA'),
(1292, 'Banda Magníficos', 3955, 'FORA DE MIM', 'Pensei demais, e resolvi tirar você do', 'BRA'),
(1293, 'Rádio Táxi', 3956, 'GAROTA DOURADA', 'Navegando no teu mar flutuando no teu', 'BRA'),
(1294, 'Biquini Cavadão', 3957, 'JANAÍNA', 'Janaína acorda todo dia às quatro e', 'BRA'),
(1295, 'Ricky Martin', 3958, 'LA COPA DE LA VIDA', 'La vida es pura pasion', 'ESP'),
(1296, 'Banda Magníficos', 3959, 'MEU TESÃO É VOCÊ', 'Quando você me olha, amor', 'BRA'),
(1297, 'Martinho da Vila', 3960, 'MINHA E TUA', 'Deus abençoa porquê', 'BRA'),
(1298, 'Só Pra Contrariar', 3961, 'MINHA METADE', 'Será que a gente entrega o coração', 'BRA'),
(1299, 'Soweto', 3962, 'MUNDO DE OZ', 'A alegria brilhou no olhar', 'BRA'),
(1300, 'Sandra de Sá-Tim Maia', 3963, 'NÃO TEM SAÍDA', 'Eu errei... Mas jogue a primeira pedra quem', 'BRA'),
(1301, 'Djavan', 3964, 'NEM UM DIA', 'Um dia frio um bom lugar pra ler um livro', 'BRA'),
(1302, 'Kleiton e Kledir', 3967, 'PAIXÃO', 'Oh... Amo tua voz e tua cor...', 'BRA'),
(1303, 'Engenheiros do Hawaí', 3969, 'PRA SER SINCERO', 'Pra ser sincero não espero ...', 'BRA'),
(1304, 'Gian e Giovani', 3970, 'QUE RAIO DE AMOR É ESSE', 'Que raio de amor é esse...', 'BRA'),
(1305, 'Soweto', 3971, 'REFÉM DO CORAÇÃO', 'Sempre alguém me desperta', 'BRA'),
(1306, 'Bruno e Marrone', 3972, 'REI DO RODEIO', 'Eu sou peão, sou cabra macho', 'BRA'),
(1307, 'Biafra (Byafra)', 3973, 'RUA RAMALHETE', 'Sem querer fui me lembrar', 'BRA'),
(1308, 'Tom Jobim', 3974, 'SAMBA DE UMA NOTA SÓ', 'Eis aqui este sambinha feito de uma', 'BRA'),
(1309, 'Companhia do Pagode', 3975, 'SANDUÍCHE', 'Tá chegando pra ficar todo mundo vai', 'BRA'),
(1310, 'Negritude Júnior', 3976, 'SAUDADE E SOLIDÃO', 'Tentei me encontrar no teu...', 'BRA'),
(1311, 'Roberta Miranda', 3977, 'SEMPRE MAIS', 'Sinto... você insiste em dizer', 'BRA'),
(1312, 'Ara Ketu', 3978, 'TÁ NA CARA', 'Basta uma brisa da praia', 'BRA'),
(1313, 'Limão com Mel', 3979, 'TODA SUA', 'Eu quero viajar no teu prazer', 'BRA'),
(1314, 'Rádio Táxi', 3980, 'UM AMOR DE VERÃO', 'Um amor de verão tem um sol particular', 'BRA'),
(1315, 'O Rappa', 3981, 'A FEIRA', 'É dia de feira', 'BRA'),
(1316, 'Roberta Miranda', 3982, 'A MULHER EM MIM', 'Em meu coração os amores vêm e vão', 'BRA'),
(1317, 'Banda Beijo', 3983, 'A VIDA É FESTA', 'Amor quero sentir o teu perfume', 'BRA'),
(1318, 'Terrasamba', 3984, 'ABC DO TERRA', 'Você me disse que sabe sambar', 'BRA'),
(1319, 'Roberto Carlos', 3985, 'ABRÁZAME ASÍ', 'Abrázame así...', 'ESP'),
(1320, 'Ricardo Chaves', 3986, 'ACABOU', 'Eu tenho andado meio preocupado', 'BRA'),
(1321, 'Banda Magníficos', 3987, 'ADORO', 'Adoro... esse teu corpo quente', 'BRA'),
(1322, 'Bruno e Marrone', 3988, 'ALÇAPÃO', 'Você acha fácil chegar dizendo que', 'BRA'),
(1323, 'João Paulo e Daniel', 3989, 'AS COISAS SÃO COMO SÃO', 'Às vezes quando a gente...', 'BRA'),
(1324, 'Ara Ketu', 3990, 'AURORA', 'Como eu vou ficar, amor', 'BRA'),
(1325, 'Molejo', 3991, 'BRINCADEIRA DE CRIANÇA', 'Acorda criançada', 'BRA'),
(1326, 'Paralamas do Sucesso', 3992, 'BUSCA VIDA', 'Vou sair pra ver o céu', 'BRA'),
(1327, 'Angélica', 3993, 'CIÚME', 'Eu queria entender direito essa paixão', 'BRA'),
(1328, 'Roberto Carlos', 3994, 'CORRO DEMAIS', 'Meu bem qualquer instante que eu fico', 'BRA'),
(1329, 'Soweto', 3995, 'DERÊ', 'Derê, derê rê rê... Quero você pra sentir', 'BRA'),
(1330, 'Leandro e Leonardo', 3996, 'DEU MEDO', 'Deu medo... Quando você...', 'BRA'),
(1331, 'Paralamas do Sucesso', 3997, 'ELA DISSE ADEUS', 'Ela disse adeus Let her get on with li', 'BRA'),
(1332, 'Kiloucura', 3998, 'FALANDO SÉRIO', 'Só se eu fosse louco...', 'BRA'),
(1333, 'Roberto Carlos', 3999, 'FERA FERIDA', 'Acabei com tudo, escapei com vida', 'BRA'),
(1334, 'Lulu Santos', 4001, 'HIPER CONECTIVIDADE', 'Acho que dessa vez eu vi algo', 'BRA'),
(1335, 'Banda Eva', 4002, 'LEVADA LOUCA', 'Shake, shake, shake... Tem festa no candeal', 'BRA'),
(1336, 'Terrasamba', 4003, 'LIBERAR GERAL', 'Nada mal, curtir o terra samba não é nada', 'BRA'),
(1337, 'Donato e Estefano', 4005, 'MI DIOS Y MI CRUZ', 'Uh... uh... Sera que el tiempo tiener mil', 'ESP'),
(1338, 'Chrystian e Ralf', 4006, 'MINHA GIOCONDA (MIA GIOCONDA)', 'Do dia que nascemos e vivemos para o', 'BRA'),
(1339, 'Netinho', 4007, 'PARAÍSO', 'Sol de verão quando bate em minhas', 'BRA'),
(1340, 'Zeca Pagodinho', 4008, 'POSSO ATÉ ME APAIXONAR', 'Gosto que me enrosco de um rabo de saia', 'BRA'),
(1341, 'Zezé Di Camargo e Luciano', 4009, 'PRIMEIRO AMOR', 'Eu quero te ver, eu quero saber', 'BRA'),
(1342, 'Barão Vermelho', 4010, 'PURO ÊXTASE', 'Toda brincadeira não devia ter hora', 'BRA'),
(1343, 'Placa Luminosa', 4012, 'SEGREDO', 'Hoje teu segredo é meu segredo somos', 'BRA'),
(1344, 'Só no Sapatinho', 4014, 'SÓ NO SAPATINHO', 'Ela chega vaidosa e sorridente', 'BRA'),
(1345, 'Fanzine', 4016, 'UMA ESTÓRIA DE AMOR', 'Deixa eu lembrar de você,', 'BRA'),
(1346, 'Sandra de Sá', 4017, 'VAMOS VIVER', 'Vamos consertar o mundo', 'BRA'),
(1347, 'Latino', 4018, 'VITRINE', 'Nem mesmo lá no Hawai, tem...', 'BRA'),
(1348, 'Roupa Nova', 4020, 'VOCÊ NO CORAÇÃO', 'Não sei por que insisto tanto assim', 'BRA'),
(1349, 'Os Abelhudos', 4024, 'AO MESTRE COM CARINHO', 'Quero aprender sua lição...', 'BRA'),
(1350, 'Banda Magníficos', 4025, 'APAIXONADO', 'Quero, quero tanto ter você pra mim', 'BRA'),
(1351, 'Terrasamba', 4027, 'CARRINHO DE MÃO', 'Padá badá... Essa é a onda do carrinho', 'BRA'),
(1352, 'Leandro e Leonardo', 4028, 'CHUVA DE LÁGRIMAS', 'Eu vejo a chuva caindo sem...', 'BRA'),
(1353, 'Titãs', 4033, 'É PRECISO SABER VIVER', 'Quem espera que a vida seja feita de', 'BRA'),
(1354, 'Sandy e Júnior', 4034, 'EM CADA SONHO', 'Cada vez que eu penso te sinto, te ve', 'BRA'),
(1355, 'Fafá de Belém', 4035, 'ETERNAMENTE', 'Só mesmo o tempo pode revelar', 'BRA'),
(1356, 'Mel Com Terra', 4036, 'EU, VOCÊ E O AMOR', 'Lembro do dia em que eu te conheci', 'BRA'),
(1357, 'Milton Nascimento', 4037, 'FÉ CEGA FACA AMOLADA', 'Agora não pergunto mais aonde vai a', 'BRA'),
(1358, 'Karametade', 4038, 'GRITO DE PAIXÃO', 'Ilusão é uma flor no meio de...', 'BRA'),
(1359, 'Vinny', 4039, 'HELOÍSA, MEXE A CADEIRA', 'Mexe a cadeira e bota na beira da sala', 'BRA'),
(1360, 'Renato Russo', 4040, 'LA FORZA DELLA VITA', 'Anche quando ci buttiamo via per rabbia o per', 'ITA'),
(1361, 'Ara Ketu', 4041, 'MAL ACOSTUMADO', 'Amor de verdade eu só senti', 'BRA'),
(1362, 'Soweto-Neguinho da Beija Flor', 4042, 'NEGRA ÂNGELA', 'Eu prefiro acreditar que é mentira', 'BRA'),
(1363, 'Negritude Júnior', 4043, 'O BEIJO', 'Beijo agarradinho beijo estaladinho', 'BRA'),
(1364, 'Maria Bethânia', 4044, 'OLHA', 'Olha, você tem todas as coisas', 'BRA'),
(1365, 'Art Popular', 4045, 'PAGODE DA AMARELINHA', 'Pagode da amarelinha', 'BRA'),
(1366, 'João Bosco', 4046, 'PAPEL MACHÊ', 'Cores do mar festa do sol...', 'BRA'),
(1367, 'Só Pra Contrariar', 4047, 'PECADO CAPITAL', 'Dinheiro na mão é vendaval', 'BRA'),
(1368, 'Maurício Mattar', 4048, 'PRA FICAR CONTIGO', 'Ai que vontade de te ver de novo', 'BRA'),
(1369, 'Peninha', 4050, 'QUAL CARÍCIA', 'Você faz tudo que eu gosto', 'BRA'),
(1370, 'Raça Negra', 4052, 'SERÁ', 'Tire suas mãos de mim', 'BRA'),
(1371, 'Skank', 4053, 'SIDERADO', 'Porque eu te espero na neblina', 'BRA'),
(1372, 'Engenheiros do Hawaí', 4054, 'SOMOS QUEM PODEMOS SER', 'Um dia me disseram que as nuvens não eram', 'BRA'),
(1373, 'Daniela Mercury', 4055, 'SWING DA COR', 'Não, não me abandone não me desespere', 'BRA'),
(1374, 'Maria Bethânia', 4057, 'TIGRESA', 'Uma tigresa de unhas negras', 'BRA'),
(1375, 'Ritchie', 4058, 'TRANSAS', 'Tanto tempo faz que a gente transa', 'BRA'),
(1376, 'Paulo Ricardo', 4059, 'TUDO POR NADA', 'Se eu soubesse que ia ser assim', 'BRA'),
(1377, 'Amado Batista', 4060, '24 HORAS NO AR', 'Pare de pensar em besteira', 'BRA'),
(1378, 'É o Tchan', 4061, 'A NOVA LOIRA DO TCHAN', 'Luz na passarela que lá vem ela', 'BRA'),
(1379, 'Elba Ramalho', 4062, 'AI QUE SAUDADE D''OCÊ', 'Não se admire se um dia um ...', 'BRA'),
(1380, 'Guilherme Arantes', 4064, 'AMANHÃ', 'Amanhã será um lindo dia da...', 'BRA'),
(1381, 'Banda Cheiro de Amor', 4066, 'AVIÃOZINHO', 'Voa, voa aviãozinho vai buscar o meu', 'BRA'),
(1382, 'Banda Eva', 4068, 'CARRO VELHO', 'Cheiro de pneu queimado', 'BRA'),
(1383, 'Exaltasamba', 4069, 'CARTÃO POSTAL', 'Como sempre distraída te filmei e', 'BRA'),
(1384, 'Raul Seixas', 4070, 'COMO VOVÓ JÁ DIZIA', 'Quem não tem colírio usa óculos escuro', 'BRA'),
(1385, 'Alceu Valença', 4071, 'CORAÇÃO BOBO', 'Meu coração tá batendo', 'BRA'),
(1386, 'Daniel', 4072, 'DECLARAÇÃO DE AMOR', 'Minha vida e o meu mundo', 'BRA'),
(1387, 'Eliana e Molejo', 4073, 'DIA DE ALEGRIA', 'Lala laia laia laiala... Hoje ...', 'BRA'),
(1388, 'Luís Miguel', 4075, 'EL DIA QUE ME QUIERAS', 'Acaricia mi sueno el suave murmullo', 'ESP'),
(1389, 'Pe. Fábio de Mello', 4078, 'ERGUEI AS MÃOS O SENHOR TEM MUITOS FILHOS', 'Erguei as mãos e dai glória a Deus', 'BRA'),
(1390, 'Chitãozinho e Xororó', 4080, 'EU MENTI', 'Eu menti pra você quando disse que tinha', 'BRA'),
(1391, 'Placa Luminosa', 4081, 'FICA COMIGO', 'Amo você fica comigo', 'BRA'),
(1392, 'Fat Family', 4083, 'JEITO SEXY', 'Ó baby dance, dance, dance', 'BRA'),
(1393, 'Luiz Melodia', 4084, 'JUVENTUDE TRANSVIADA', 'Lava roupa todo dia que agonia', 'BRA'),
(1394, 'Fábio Jr.', 4085, 'NA CANÇÃO', 'Isso é pra quem não acredita', 'BRA'),
(1395, 'Negritude Júnior', 4086, 'NOSSA CAMA É UMA LOUCURA', 'Quando as palavras se cruzam...', 'BRA'),
(1396, 'Roberto Carlos', 4087, 'NOSSA SENHORA', 'Cubra-me com seu manto de amor', 'BRA'),
(1397, 'Zeca Pagodinho', 4088, 'O DONO DA DOR', 'Queria felicidade, não pra me apaixonar', 'BRA'),
(1398, 'Gian e Giovani', 4089, 'O GRANDE AMOR DA MINHA VIDA', 'A gente morou e cresceu na...', 'BRA'),
(1399, 'Katinguelê', 4090, 'PERTINHO', 'Te sinto tão pertinho quando...', 'BRA'),
(1400, 'Elymar Santos', 4091, 'PÔXA', 'Pôxa... Como foi bacana te ...', 'BRA'),
(1401, 'Natiruts (Nativus)', 4092, 'PRESENTE DE UM BEIJA-FLOR', 'O beija-flor que trouxe meu amor', 'BRA'),
(1402, 'Novos Baianos', 4093, 'PRETA, PRETINHA', 'Preta, preta, pretinha... Enquanto eu corria', 'BRA'),
(1403, 'Companhia do Pagode', 4094, 'PSIU, PSIU', 'Psiu, psiu... Coisinha linda do bumbum', 'BRA'),
(1404, 'Tânia Alves', 4095, 'SABOR DE MIM', 'Quanto tempo desfrutamos desse amor', 'BRA'),
(1405, 'Benito Di Paula', 4097, 'SE NÃO FOR AMOR', 'Você me olha desse jeito', 'BRA'),
(1406, 'Vinny', 4098, 'SHAKE BOOM', 'Yeh a ha bota lenha na fogueira', 'BRA'),
(1407, 'Os Morenos', 4099, 'TÔ DENTRO, TÔ FORA', 'Ai ai ai ai... Festa de aniversário tô dentro', 'BRA'),
(1408, 'Legião Urbana', 4101, 'ANTES DAS SEIS', 'Quem inventou o amor?...', 'BRA'),
(1409, 'Roupa Nova', 4102, 'BEM MAIOR', 'Bem maior do que os mares mais profundos', 'BRA'),
(1410, 'Roupa Nova', 4104, 'CLAREAR', 'Clarear baby clarear', 'BRA'),
(1411, 'Alejandro Sanz', 4105, 'CORAZÓN PARTÍO', 'Tiritas pa este corazón partío', 'ESP'),
(1412, 'Banda Eva', 4106, 'DE LADINHO', 'Não vou ficar sozinha', 'BRA'),
(1413, 'Leno e Lilian', 4107, 'DEVOLVA-ME', 'Rasgue as minhas cartas e...', 'BRA'),
(1414, 'Fábio Jr.', 4108, 'DOU MINHA PALAVRA', 'Sabe a madrugada faz barulho', 'BRA'),
(1415, 'Maria Bethânia', 4109, 'É O AMOR', 'Eu não vou negar que sou louco por você', 'BRA'),
(1416, 'Djavan', 4111, 'EU TE DEVORO', 'Teus sinais me confundem', 'BRA'),
(1417, 'Jota Quest', 4112, 'FÁCIL', 'Tudo é tão bom e azul e calmo...', 'BRA'),
(1418, 'Fafá de Belém', 4113, 'FOI ASSIM', 'Foi assim, como um resto de sol no mar', 'BRA'),
(1419, 'Debora Blando', 4115, 'INDIVISÍVEL', 'Corre em minhas veias sonhos ancestrais', 'BRA'),
(1420, 'Clara Nunes', 4117, 'LAMA', 'Pelo curto tempo que você sumiu', 'BRA'),
(1421, 'Natiruts (Nativus)', 4118, 'LIBERDADE PRA DENTRO DA CABEÇA', 'Liberdade pra dentro da cabeça', 'BRA'),
(1422, 'Eduardo Dusek', 4119, 'AVENTURA (LUZ DE VELAS)', 'Oh, oh, oh... Vi seu olhar, seu olhar de festa', 'BRA'),
(1423, 'Soweto', 4120, 'MAÇÃ DO AMOR', 'O seu nome eu anotei na minha agenda', 'BRA'),
(1424, 'Pepê e Nenem', 4121, 'MANIA DE VOCÊ', 'Por que você não vem ficar comigo', 'BRA'),
(1425, 'Exaltasamba', 4122, 'ME APAIXONEI PELA PESSOA ERRADA', 'Eu não tenho culpa de estar te amando', 'BRA'),
(1426, 'Biafra (Byafra)', 4123, 'MOLDURA', 'O tempo passa e a gente', 'BRA'),
(1427, 'Benito Di Paula', 4124, 'MULHER BRASILEIRA', 'Agora chegou a vez vou cantar', 'BRA'),
(1428, 'Renato e Seus Blue Caps', 4125, 'NÃO TE ESQUECEREI', 'Não te esquecerei meu eterno amor', 'BRA'),
(1429, 'Daniel', 4126, 'PAIXÃO CAIPIRA', 'Vou pela estrada da minha saudade', 'BRA'),
(1430, 'Banda Beijo', 4127, 'PERAÊ', 'Pára de sorrir se não te agarro', 'BRA'),
(1431, 'Gal Costa', 4128, 'PRA VOCÊ', 'Pra você eu guardei um amor...', 'BRA'),
(1432, 'Léo Jaime', 4129, 'PRECISO DIZER QUE TE AMO', 'Quando a gente conversa', 'BRA'),
(1433, 'Altemar Dutra', 4130, 'QUE QUERES TU DE MIM?', 'Que queres tu de mim? que fazes junto', 'BRA'),
(1434, 'Eliana de Lima', 4131, 'QUERO FICAR COM VOCÊ', 'Ah!... Os meus olhos querem', 'BRA'),
(1435, 'Skank', 4132, 'SAIDEIRA', 'Tem um lugar diferente lá depois da s', 'BRA'),
(1436, 'Claudinho e Buchecha', 4133, 'SÓ LOVE', 'Só love só love só love só love', 'BRA'),
(1437, 'Os Morenos', 4135, 'TÁ A FIM DE SAMBAR', 'Tá a fim de sambar já pode chegar', 'BRA'),
(1438, 'Laura Pausini', 4136, 'UN''EMERGENZA D''AMORE', 'E un''emergenza d''amore il...', 'ITA'),
(1439, 'Tim Maia', 4137, 'VALE TUDO', 'Vale, vale tudo vale, vale tudo', 'BRA'),
(1440, 'Adriana Calcanhoto', 4138, 'VAMBORA', 'Entre por essa porta agora', 'BRA'),
(1441, 'Zezé Di Camargo e Luciano', 4140, 'VOLTA PRO MEU CORAÇÃO', 'Noite fria triste céu cinzento', 'BRA'),
(1442, 'Asa de Águia', 4141, 'A DANÇA DO VAMPIRO', 'Você é o amor que eu sempre quis ter', 'BRA'),
(1443, 'Gian e Giovani', 4142, 'AMOR DE VERDADE', 'A gente se esbarrou por aí...', 'BRA'),
(1444, 'Leandro e Leonardo', 4143, 'AMOR DIVIDIDO', 'Se for pra ter você comigo e...', 'BRA'),
(1445, 'Ronnie Von', 4145, 'CACHOEIRA', 'Tantos mistérios pra desvendar', 'BRA'),
(1446, 'Fernando Mendes', 4146, 'CADEIRA DE RODAS', 'Sentada na porta', 'BRA'),
(1447, 'Roberto Carlos', 4147, 'CAMINHONEIRO', 'Todo dia quando eu pego a estrada', 'BRA'),
(1448, 'Elba Ramalho', 4148, 'CASA, COMIDA E PAIXÃO', 'Lá se vai o meu amor', 'BRA'),
(1449, 'Andrea Bocelli', 4150, 'CON TE PARTIRO', 'Quando sono solo sogno all''orizzonte', 'ITA'),
(1450, 'Daniel', 4152, 'DENGO', 'Vem cá meu dengo vem comigo pro chamego', 'BRA'),
(1451, 'Roberta Miranda', 4153, 'É AMOR DEMAIS', 'Oh amor devemos conversar eu sinto que é', 'BRA'),
(1452, 'Elymar Santos', 4155, 'ESCANCARANDO DE VEZ', 'Tem certas coisas, que são ...', 'BRA'),
(1453, 'Sandy e Júnior', 4156, 'ETC... E TAL', 'Quando eu encontrar um amor pra mim', 'BRA'),
(1454, 'Negritude Júnior', 4157, 'FAÇA O QUE EU DIGO', 'Jogue a tristeza fora a turma...', 'BRA'),
(1455, 'Netinho', 4158, 'INDECISÃO', 'Não dá pra viver sem você', 'BRA'),
(1456, 'Adriana Calcanhoto', 4160, 'MAIS FELIZ', 'O nosso amor não vai parar ...', 'BRA'),
(1457, 'Os Morenos', 4162, 'MINA DE FÉ', 'Eu era feliz sem saber', 'BRA'),
(1458, 'Maurício Manieri', 4163, 'MINHA MENINA', 'Vem ser minha menina', 'BRA'),
(1459, 'Reginaldo Rossi', 4164, 'MON AMOUR, MEU BEM, MA FEMME', 'Nesse corpo meigo e tão pequeno', 'BRA'),
(1460, 'Chitãozinho e Xororó', 4165, 'NA ABA DO MEU CHAPÉU', 'Ela me abraçou, me deu um beijo de mel', 'BRA'),
(1461, 'Soweto', 4166, 'NÃO FOI À TOA', 'Amor mais uma vez eu me atrasei', 'BRA'),
(1462, 'Ed Motta-Flávio Venturini', 4167, 'NASCENTE', 'Clareia manhã o sol vai esconder a clara', 'BRA'),
(1463, 'Os Travessos', 4170, 'QUANDO A GENTE AMA', 'Não sei o que é que falta', 'BRA'),
(1464, 'Nana Caymmi', 4171, 'RESPOSTA AO TEMPO', 'Batidas na porta da frente', 'BRA'),
(1465, 'José Augusto', 4172, 'SÁBADO', 'Todo sábado é assim eu me...', 'BRA'),
(1466, 'Art Popular', 4173, 'SAI DA FRENTE', 'Amor eu não consigo viver mais sozinho', 'BRA'),
(1467, 'Só Pra Contrariar', 4174, 'SAI DA MINHA ABA', 'Sai pra lá se manca vê se me esquece', 'BRA'),
(1468, 'Zeca Pagodinho', 4176, 'SEU BALANCÊ', 'Quando o canto da sereia', 'BRA'),
(1469, 'Peninha', 4177, 'SÓ EU E VOCÊ', 'Não sei se é de noite...', 'BRA'),
(1470, 'Ney Matogrosso', 4179, 'TANTO AMAR', 'Amo tanto e de tanto amar', 'BRA'),
(1471, 'Engenheiros do Hawaí', 4180, 'TODA FORMA DE PODER', 'Eu presto atenção no que eles dizem', 'BRA'),
(1472, 'Roberta Miranda', 4181, 'AMANHÃ', 'Me prendeste numa redoma', 'BRA'),
(1473, 'Frank Aguiar', 4183, 'CASADO TAMBÉM NAMORA', 'Eu sou casado mas sou homem cem por', 'BRA'),
(1474, 'Fábio Jr.', 4185, 'COMPROMISSO', 'A gente tem um compromisso ...', 'BRA'),
(1475, 'Zezé Di Camargo e Luciano', 4186, 'DOIS CORAÇÕES E UMA HISTÓRIA', 'No meio da conversa um caso', 'BRA'),
(1476, 'Fagner', 4187, 'ESPUMAS AO VENTO', 'Sei que aí dentro ainda mora um peda', 'BRA'),
(1477, 'Sem Compromisso', 4188, 'ETERNAMENTE', 'Não sei como explicar', 'BRA'),
(1478, 'Tim Maia', 4189, 'EU AMO VOCÊ', 'Toda vez que eu olho', 'BRA'),
(1479, 'Kid Abelha', 4192, 'EU SÓ PENSO EM VOCÊ', 'Saí de casa a procura de...', 'BRA'),
(1480, 'Daniela Mercury', 4193, 'FEIJÃO DE CORDA', 'Compraria o mundo inteiro', 'BRA'),
(1481, 'Gal Costa', 4194, 'FOLHETIM', 'Se acaso me quiseres, sou...', 'BRA'),
(1482, 'Legião Urbana', 4195, 'GIZ', 'Mesmo sem te ver acho ao...', 'BRA'),
(1483, 'Alcione-Djavan', 4196, 'GOSTOSO VENENO', 'Esse amor me envenena', 'BRA'),
(1484, 'Fat Family', 4197, 'GULOSA', 'U hu a ha... Vem só você sabe como fazer', 'BRA'),
(1485, 'Vanessa Rangel', 4198, 'LEVE-ME DAQUI', 'Leve-me daqui... breve', 'BRA'),
(1486, 'Só Pra Contrariar', 4199, 'MACHUCA DEMAIS', 'Você machuca demais esse meu coração', 'BRA'),
(1487, 'Pepê e Nenem', 4200, 'MAIS UMA VEZ', 'Eu sei que dá', 'BRA'),
(1488, 'Grupo Desejos', 4201, 'MEL NA MINHA BOCA', 'Olha a gente tem que...', 'BRA'),
(1489, 'Gian e Giovani', 4202, 'MIL CORAÇÕES', 'Já faz tanto tempo que saí...', 'BRA'),
(1490, 'Sem Compromisso', 4203, 'MINHA NASCENTE', 'Sempre que eu olho pra você', 'BRA'),
(1491, 'Os Travessos', 4204, 'NEM TUDO ESTÁ PERDIDO', 'Nem tudo está perdido', 'BRA'),
(1492, 'Sandy e Júnior', 4205, 'NO FUNDO DO CORAÇÃO', 'Eu quero ser um lindo sonho pro teu coração', 'BRA'),
(1493, 'Martinho da Vila', 4206, 'O SAMBA DO TRABALHADOR', 'Na segunda-feira, não vou trabalhar', 'BRA'),
(1494, 'Kiloucura', 4207, 'PELA VIDA INTEIRA', 'Quero ter você custe o que...', 'BRA'),
(1495, 'Zezé Di Camargo e Luciano', 4208, 'PIOR É TE PERDER', 'Quanta gente a gente vive', 'BRA'),
(1496, 'Jerry Adriani', 4210, 'QUERIDA', 'Querida quero lhe dizer que...', 'BRA'),
(1497, 'Sandra de Sá', 4211, 'RETRATOS E CANÇÕES', 'Hoje eu me peguei', 'BRA'),
(1498, 'Cidade Negra', 4212, 'SÁBADO À NOITE', 'Todo mundo espera alguma coisa', 'BRA'),
(1499, 'Jota Quest', 4213, 'SEMPRE ASSIM', 'Sete e quinze eu acordo e...', 'BRA'),
(1500, 'Roupa Nova', 4214, 'SENSUAL', 'Nada a dizer antes de sentir', 'BRA'),
(1501, 'Leandro e Leonardo', 4215, 'SOLIDÃO POR PERTO', 'Um dia só é muito pouco...', 'BRA'),
(1502, 'Chitãozinho e Xororó', 4216, 'TE ESQUECER É IMPOSSÍVEL (NOT THAT DIFFERENT)', 'Você ainda nem me disse por que tudo', 'BRA'),
(1503, 'Elis Regina', 4219, 'VELHA ROUPA COLORIDA', 'Você não sente, não vê', 'BRA'),
(1504, 'Ed Motta', 4220, 'VOCÊ MENTIU PRA MIM', 'É um absurdo quase o fim', 'BRA'),
(1505, 'Agostinho dos Santos', 4221, 'A FELICIDADE', 'Tristeza não tem fim felicidade', 'BRA'),
(1506, 'Wando', 4222, 'A PRÓXIMA VÍTIMA', 'Quem é que está fazendo amor', 'BRA'),
(1507, 'José Augusto', 4223, 'ALMA E CORAÇÃO', 'Quem é você que conquistou...', 'BRA'),
(1508, 'Marcello Marcky', 4224, 'ALMA METADE', 'Sei que um dia eu vou encontrar', 'BRA'),
(1509, 'Wando', 4225, 'AQUELE AMOR QUE FAZ GOSTOSO ME DEIXOU', 'Eu era tão feliz eu tinha um grande a', 'BRA'),
(1510, 'Chitãozinho e Xororó', 4226, 'ATÉ QUE TE CONHECI', 'Eu vivia tão contente, tão alegre e', 'BRA'),
(1511, 'Negritude Júnior', 4227, 'BOM DIA', 'A melhor coisa do mundo é...', 'BRA'),
(1512, 'Gian e Giovani', 4228, 'CAÍ NO LAÇO', 'Caí no laço no laço do seu...', 'BRA'),
(1513, 'Amado Batista', 4230, 'COMO NA PRIMEIRA VEZ', 'Quando o amor nos acontece', 'BRA'),
(1514, 'Paulo Ricardo', 4231, 'COMO SE FOSSE A PRIMEIRA VEZ', 'Desde que eu te conheci', 'BRA'),
(1515, 'Daniel', 4232, 'DAQUI NÃO SAIO', 'Eu já fiquei prisioneiro do seu coração', 'BRA'),
(1516, 'Rick e Renner', 4233, 'ENROSCA, ENROSCA', 'Se enrosca meu amor se enrosca em mim', 'BRA'),
(1517, 'Reginaldo Rossi', 4234, 'EU DEVIA TE ODIAR', 'Eu devia te odiar', 'BRA'),
(1518, 'Katinguelê', 4236, 'INARAÍ', 'Seu corpo é o mar por onde...', 'BRA'),
(1519, 'Elymar Santos', 4237, 'JAMAIS DEIXEI DE AMAR VOCÊ', 'Tá certo, não tenho palavras pra me', 'BRA'),
(1520, 'Leandro e Leonardo', 4238, 'LÁGRIMAS DO CÉU', 'Desde que se foi nunca mais...', 'BRA'),
(1521, 'Simone', 4239, 'LOCA', 'Loca loca al sentirme', 'ESP'),
(1522, 'Os Travessos', 4240, 'MARAVILHA TE AMAR', 'Por que você não larga', 'BRA'),
(1523, 'Sampa Crew', 4241, 'ME DÊ UMA CHANCE', 'Amor escrevo essa carta e me abro', 'BRA'),
(1524, 'Daniela Mercury', 4242, 'MINAS COM BAHIA', 'Sacudir estrelas despertar...', 'BRA'),
(1525, 'Cleiton e Camargo', 4243, 'NA HORA DE AMAR', 'Seu olhar sempre está muito longe', 'BRA'),
(1526, 'Rick e Renner', 4244, 'O QUE É QUE ELA TEM!', 'Já sofri por ela já bebi por ela', 'BRA'),
(1527, 'Cleiton e Camargo', 4245, 'OUTRA CHANCE', 'Se você está sozinha em sua casa', 'BRA'),
(1528, 'Raça Negra', 4246, 'PERDI VOCÊ', 'Hoje me lembro com tristeza', 'BRA'),
(1529, 'Gian e Giovani', 4248, 'PROCURANDO AMOR', 'Eu ando procurando amor por...', 'BRA'),
(1530, 'Maurício Mattar', 4249, 'QUEM MANDOU!', 'Quem mandou você gostar de mim', 'BRA'),
(1531, 'Fagner-Zezé e Luciano', 4250, 'RETROVISOR', 'Onde a máquina me leva não há nada', 'BRA'),
(1532, 'Terrasamba', 4251, 'ROMÂNTICO LÍRICO', 'Você já tá careca de saber', 'BRA'),
(1533, 'Chrystian e Ralf', 4252, 'SEM DOCUMENTO', 'Deixa-me atravessar o vento sem documento', 'BRA'),
(1534, 'Michael Sullivan', 4253, 'SEMPRE VOU TE AMAR', 'Eu preciso de você', 'BRA'),
(1535, 'Evaldo Braga', 4254, 'SORRIA, SORRIA', 'Sorria meu bem Sorria', 'BRA'),
(1536, 'Grupo Raça', 4255, 'TE AMO', 'Eu sei... Que eu te amo demais...', 'BRA'),
(1537, 'Harmadilha', 4256, 'TEMPESTADE', 'Nem o céu nem a dor nem as...', 'BRA'),
(1538, 'Fundo de Quintal', 4258, 'VERDADEIRA CHAMA', 'Guiding dingue digueô... Oba... Quem ama', 'BRA'),
(1539, 'Leandro e Leonardo', 4259, 'VIÚVA NOVA', 'Desce uma loira bem gelada...', 'BRA'),
(1540, 'Banda Magníficos', 4260, 'VOLTE PRA MIM', 'Se me amas abra logo o jogo', 'BRA'),
(1541, 'Jota Quest', 6107, 'O QUE EU TAMBÉM NÃO ENTENDO', 'Essa não é mais uma carta de...', 'BRA'),
(1542, 'Zé Ramalho', 15806, 'BATENDO NA PORTA DO CÉU', 'Uhhh uhhh... Mãe tire o distintivo de mim', 'BRA'),
(1543, 'Roberto Carlos', 15962, 'AMOR PERFEITO', 'Fecho os olhos pra não ver passar o tempo', 'BRA'),
(1544, 'Henrique e Juliano', 15963, 'ATÉ VOCÊ VOLTAR', 'Aqui sentado nessa mesa só o copo de cerveja', 'BRA'),
(1545, 'Paula Fernandes', 15974, 'PIRAÇÃO', 'Não sei o que faço perdi o juízo', 'BRA'),
(1546, 'Thaeme e Thiago', 16014, 'PRA TER VOCÊ AQUI', 'Iê iê iê iê... É madrugada quatro horas da manhã', 'BRA'),
(1547, 'Marília Mendonça', 16041, 'ALÔ PORTEIRO', 'Pegue suas coisas que estão aqui', 'BRA'),
(1548, 'Anderson Freire', 16073, 'RARIDADE', 'Não consigo ir além do teu olhar', 'BRA'),
(1549, 'Anavitória', 16086, 'AGORA EU QUERO IR', 'Encontrei descanso em você me arquitetei', 'BRA'),
(1550, 'Ludmilla', 16088, 'BOM', 'Uma taça de Chandon um calor no edredom', 'BRA'),
(1551, 'Adele', 19362, 'HELLO', 'Hello it''s me ...', 'EUA'),
(1552, 'Zé Ramalho', 4281, 'MISTÉRIOS DA MEIA NOITE', 'Mistérios da meia noite que voam longe', 'BRA'),
(1553, 'Jota Quest', 4287, 'O VENTO', 'Voe por todo mar e volte aqui...', 'BRA'),
(1554, 'Robbie Williams', 4859, 'ANGELS', 'I sit and wait does an angel contemplate my', 'EUA'),
(1555, 'Aerosmith', 4909, 'I DON''T WANT TO MISS A THING', 'I could stay awake just to hear you', 'EUA'),
(1556, 'Bonnie Tyler', 4985, 'TOTAL ECLIPSE OF THE HEART', 'Turn around every now and then', 'EUA'),
(1557, 'Sandy e Júnior', 6554, 'SUPER HEROI (NÃO É FÁCIL)', 'Não quero imitar Deus ou coisa assim...', 'BRA'),
(1558, 'Projota', 16058, 'ELA SÓ QUER PAZ', 'Ela é um filme de ação com vários finais', 'BRA'),
(1559, 'Engenheiros do Hawaii', 16106, 'PARABÓLICA', 'Ela para e fica ali parada', 'BRA'),
(1560, 'Victor e Léo - Victor Freitas e Felipe', 16118, 'VAI ME PERDOANDO', 'Vai me perdoando esse meu jeito estranho', 'BRA'),
(1561, 'John Cale', 19176, 'HALLELUJAH', 'I´ve heard there was a secret...', 'EUA'),
(1562, 'Coldplay', 19558, 'THE SCIENTIST', 'Come up to meet you tell you I´m sorry', 'EUA');

-- --------------------------------------------------------

--
-- Estrutura da tabela `tb_lista_secundaria`
--

CREATE TABLE IF NOT EXISTS `tb_lista_secundaria` (
  `idListaPrincipal` int(11) NOT NULL AUTO_INCREMENT,
  `interprete` varchar(50) COLLATE utf8_unicode_ci NOT NULL,
  `codigo` int(11) NOT NULL,
  `titulo` varchar(50) COLLATE utf8_unicode_ci NOT NULL,
  `inicio` varchar(255) COLLATE utf8_unicode_ci NOT NULL,
  `idioma` varchar(50) COLLATE utf8_unicode_ci NOT NULL,
  PRIMARY KEY (`idListaPrincipal`)
) ENGINE=InnoDB DEFAULT CHARSET=utf8 COLLATE=utf8_unicode_ci AUTO_INCREMENT=1 ;

-- --------------------------------------------------------

--
-- Estrutura da tabela `tb_mistura`
--

CREATE TABLE IF NOT EXISTS `tb_mistura` (
  `idMistura` int(11) NOT NULL AUTO_INCREMENT,
  `idCandidatos` int(11) NOT NULL,
  PRIMARY KEY (`idMistura`),
  KEY `idCandidatos` (`idCandidatos`)
) ENGINE=InnoDB  DEFAULT CHARSET=utf8 COLLATE=utf8_unicode_ci AUTO_INCREMENT=21 ;

--
-- Extraindo dados da tabela `tb_mistura`
--

INSERT INTO `tb_mistura` (`idMistura`, `idCandidatos`) VALUES
(10, 1),
(9, 2),
(7, 3),
(8, 4),
(16, 5),
(20, 6),
(11, 7),
(3, 8),
(2, 9),
(15, 10),
(14, 11),
(17, 12),
(18, 13),
(1, 14),
(19, 15),
(5, 16),
(13, 17),
(4, 18),
(6, 19),
(12, 20);

-- --------------------------------------------------------

--
-- Estrutura da tabela `tb_musicas`
--

CREATE TABLE IF NOT EXISTS `tb_musicas` (
  `idMusicas` int(11) NOT NULL AUTO_INCREMENT,
  `idCandidatos` int(11) NOT NULL,
  `idListaPrincipal` int(11) NOT NULL,
  PRIMARY KEY (`idMusicas`),
  KEY `idCandidatos` (`idCandidatos`),
  KEY `idListaPrincipal` (`idListaPrincipal`)
) ENGINE=InnoDB  DEFAULT CHARSET=utf8 COLLATE=utf8_unicode_ci AUTO_INCREMENT=81 ;

--
-- Extraindo dados da tabela `tb_musicas`
--

INSERT INTO `tb_musicas` (`idMusicas`, `idCandidatos`, `idListaPrincipal`) VALUES
(1, 1, 1),
(2, 1, 2),
(3, 1, 3),
(4, 1, 4),
(5, 2, 5),
(6, 2, 6),
(7, 2, 7),
(8, 2, 8),
(9, 3, 9),
(10, 3, 10),
(11, 3, 11),
(12, 3, 12),
(13, 4, 13),
(14, 4, 14),
(15, 4, 15),
(16, 4, 16),
(17, 5, 17),
(18, 5, 18),
(19, 5, 19),
(20, 5, 20),
(21, 6, 21),
(22, 6, 22),
(23, 6, 23),
(24, 6, 24),
(25, 7, 25),
(26, 7, 26),
(27, 7, 27),
(28, 7, 28),
(29, 8, 29),
(30, 8, 30),
(31, 8, 31),
(32, 8, 32),
(33, 9, 33),
(34, 9, 34),
(35, 9, 35),
(36, 9, 36),
(37, 10, 37),
(38, 10, 38),
(39, 10, 39),
(40, 10, 40),
(41, 11, 41),
(42, 11, 42),
(43, 11, 43),
(44, 11, 44),
(45, 12, 45),
(46, 12, 46),
(47, 12, 47),
(48, 12, 48),
(49, 13, 49),
(50, 13, 50),
(51, 13, 51),
(52, 13, 52),
(53, 14, 53),
(54, 14, 54),
(55, 14, 55),
(56, 14, 56),
(57, 15, 57),
(58, 15, 58),
(59, 15, 59),
(60, 15, 60),
(61, 16, 61),
(62, 16, 62),
(63, 16, 63),
(64, 16, 64),
(65, 17, 65),
(66, 17, 66),
(67, 17, 67),
(68, 17, 68),
(69, 18, 69),
(70, 18, 70),
(71, 18, 71),
(72, 18, 72),
(73, 19, 73),
(74, 19, 74),
(75, 19, 75),
(76, 19, 76),
(77, 20, 77),
(78, 20, 78),
(79, 20, 79),
(80, 20, 80);

-- --------------------------------------------------------

--
-- Estrutura da tabela `tb_pontuacao`
--

CREATE TABLE IF NOT EXISTS `tb_pontuacao` (
  `idPontuacao` int(11) NOT NULL AUTO_INCREMENT,
  `idCandidatos` int(11) NOT NULL,
  `idFases` int(11) NOT NULL,
  `idCriterios` int(11) NOT NULL,
  `pontos` float NOT NULL,
  PRIMARY KEY (`idPontuacao`),
  KEY `idCandidatos` (`idCandidatos`),
  KEY `idFases` (`idFases`),
  KEY `idCriterios` (`idCriterios`)
) ENGINE=InnoDB  DEFAULT CHARSET=utf8 COLLATE=utf8_unicode_ci AUTO_INCREMENT=224 ;

--
-- Extraindo dados da tabela `tb_pontuacao`
--

INSERT INTO `tb_pontuacao` (`idPontuacao`, `idCandidatos`, `idFases`, `idCriterios`, `pontos`) VALUES
(1, 1, 1, 1, 9),
(2, 1, 1, 2, 10),
(3, 1, 1, 3, 10),
(4, 1, 1, 4, 9),
(5, 1, 1, 5, 0),
(6, 2, 1, 1, 7),
(7, 2, 1, 2, 0),
(8, 2, 1, 3, 8),
(9, 2, 1, 4, 9),
(10, 2, 1, 5, 10),
(11, 3, 1, 1, 8),
(12, 3, 1, 2, 8),
(13, 3, 1, 3, 7),
(14, 3, 1, 4, 5),
(15, 3, 1, 5, 6.8),
(16, 4, 1, 1, 9),
(17, 4, 1, 2, 10),
(18, 4, 1, 3, 9),
(19, 4, 1, 4, 9),
(20, 4, 1, 5, 7.8),
(21, 5, 1, 1, 10),
(22, 5, 1, 2, 7),
(23, 5, 1, 3, 8),
(24, 5, 1, 4, 7),
(25, 5, 1, 5, 6.9),
(26, 6, 1, 1, 8),
(27, 6, 1, 2, 6),
(28, 6, 1, 3, 10),
(29, 6, 1, 4, 5),
(30, 6, 1, 5, 5.9),
(31, 7, 1, 1, 8),
(32, 7, 1, 2, 9),
(33, 7, 1, 3, 8.8),
(34, 7, 1, 4, 7),
(35, 7, 1, 5, 6.9),
(36, 8, 1, 1, 9),
(37, 8, 1, 2, 5),
(38, 8, 1, 3, 5),
(39, 8, 1, 4, 8),
(40, 8, 1, 5, 7.5),
(41, 9, 1, 1, 8),
(42, 9, 1, 2, 7),
(43, 9, 1, 3, 6),
(44, 9, 1, 4, 5),
(45, 9, 1, 5, 4),
(46, 10, 1, 1, 5),
(47, 10, 1, 2, 8),
(48, 10, 1, 3, 7),
(49, 10, 1, 4, 7),
(50, 10, 1, 5, 7),
(51, 11, 1, 1, 7),
(52, 11, 1, 2, 8),
(53, 11, 1, 3, 5),
(54, 11, 1, 4, 8),
(55, 11, 1, 5, 10),
(56, 12, 1, 1, 6),
(57, 12, 1, 2, 5),
(58, 12, 1, 3, 7),
(59, 12, 1, 4, 8),
(60, 12, 1, 5, 6),
(61, 13, 1, 1, 7),
(62, 13, 1, 2, 8),
(63, 13, 1, 3, 10),
(64, 13, 1, 4, 5.5),
(65, 13, 1, 5, 5.9),
(66, 14, 1, 1, 6.9),
(67, 14, 1, 2, 7.8),
(68, 14, 1, 3, 8),
(69, 14, 1, 4, 10),
(70, 14, 1, 5, 8),
(71, 15, 1, 1, 5),
(72, 15, 1, 2, 5),
(73, 15, 1, 3, 9),
(74, 15, 1, 4, 8),
(75, 15, 1, 5, 7),
(76, 16, 1, 1, 5),
(77, 16, 1, 2, 8),
(78, 16, 1, 3, 7),
(79, 16, 1, 4, 5),
(80, 16, 1, 5, 10),
(81, 17, 1, 1, 5),
(82, 17, 1, 2, 9),
(83, 17, 1, 3, 7),
(84, 17, 1, 4, 8),
(85, 17, 1, 5, 7),
(86, 18, 1, 1, 8),
(87, 18, 1, 2, 8),
(88, 18, 1, 3, 8),
(89, 18, 1, 4, 8),
(90, 18, 1, 5, 9),
(91, 19, 1, 1, 7),
(92, 19, 1, 2, 8),
(93, 19, 1, 3, 9),
(94, 19, 1, 4, 9),
(95, 19, 1, 5, 5),
(96, 20, 1, 1, 5),
(97, 20, 1, 2, 6),
(98, 20, 1, 3, 9),
(99, 20, 1, 4, 8),
(100, 20, 1, 5, 7),
(101, 1, 2, 1, 10),
(102, 1, 2, 2, 10),
(103, 1, 2, 3, 10),
(104, 1, 2, 5, 10),
(105, 7, 2, 1, 10),
(106, 7, 2, 2, 8),
(107, 7, 2, 3, 9),
(108, 7, 2, 4, 5),
(109, 7, 2, 5, 10),
(110, 4, 2, 1, 5),
(111, 4, 2, 2, 5),
(112, 4, 2, 3, 5),
(113, 4, 2, 4, 5),
(114, 4, 2, 5, 5),
(115, 5, 2, 2, 9.5),
(116, 5, 2, 2, 3),
(117, 5, 2, 3, 10),
(118, 5, 2, 4, 2),
(119, 5, 2, 5, 5),
(120, 2, 2, 1, 7),
(121, 2, 2, 2, 8.5),
(122, 2, 2, 3, 7.5),
(123, 2, 2, 4, 8),
(124, 2, 2, 5, 7.5),
(125, 11, 2, 1, 8.3),
(126, 11, 2, 2, 8),
(127, 11, 2, 3, 5),
(128, 11, 2, 4, 10),
(129, 11, 2, 5, 6),
(130, 18, 2, 1, 5.5),
(131, 18, 2, 2, 8),
(132, 18, 2, 3, 7),
(133, 18, 2, 4, 9.8),
(134, 18, 2, 5, 7),
(135, 13, 2, 1, 8.8),
(136, 13, 2, 2, 8),
(137, 13, 2, 3, 4),
(138, 13, 2, 4, 7.3),
(139, 13, 2, 5, 9),
(140, 14, 2, 1, 7.7),
(141, 14, 2, 2, 8),
(142, 14, 2, 3, 10),
(143, 14, 2, 4, 6.9),
(144, 14, 2, 5, 5),
(145, 17, 2, 1, 4.5),
(146, 17, 2, 2, 8),
(147, 17, 2, 3, 8),
(148, 17, 2, 4, 7),
(149, 17, 2, 5, 10),
(150, 1, 2, 4, 10),
(199, 1, 3, 1, 10),
(200, 1, 3, 2, 10),
(201, 1, 3, 3, 0),
(202, 1, 3, 4, 10),
(203, 13, 3, 1, 10),
(204, 13, 3, 2, 10),
(205, 13, 3, 3, 8),
(206, 13, 3, 4, 5),
(207, 13, 3, 5, 7),
(208, 2, 3, 1, 9),
(209, 2, 3, 2, 9),
(210, 2, 3, 3, 8),
(211, 2, 3, 4, 10),
(212, 2, 3, 5, 9),
(213, 18, 3, 1, 10),
(214, 18, 3, 2, 5),
(215, 18, 3, 3, 6),
(216, 18, 3, 4, 7.5),
(217, 18, 3, 5, 6.6),
(218, 7, 3, 1, 10),
(219, 7, 3, 2, 8),
(220, 7, 3, 3, 4.5),
(221, 7, 3, 4, 5.9),
(222, 7, 3, 5, 6),
(223, 1, 3, 5, 0);

-- --------------------------------------------------------

--
-- Estrutura da tabela `tb_vencedores`
--

CREATE TABLE IF NOT EXISTS `tb_vencedores` (
  `idVencedores` int(11) NOT NULL AUTO_INCREMENT,
  `idCandidatos` int(11) NOT NULL,
  `grupo` varchar(1) COLLATE utf8_unicode_ci NOT NULL,
  PRIMARY KEY (`idVencedores`),
  KEY `idCandidatos` (`idCandidatos`)
) ENGINE=InnoDB  DEFAULT CHARSET=utf8 COLLATE=utf8_unicode_ci AUTO_INCREMENT=4 ;

--
-- Extraindo dados da tabela `tb_vencedores`
--

INSERT INTO `tb_vencedores` (`idVencedores`, `idCandidatos`, `grupo`) VALUES
(1, 1, 'A'),
(2, 2, 'A'),
(3, 13, 'B');

--
-- Constraints for dumped tables
--

--
-- Limitadores para a tabela `tb_duplas`
--
ALTER TABLE `tb_duplas`
  ADD CONSTRAINT `tb_duplas_ibfk_1` FOREIGN KEY (`idFases`) REFERENCES `tb_fases` (`idFases`) ON DELETE CASCADE ON UPDATE CASCADE,
  ADD CONSTRAINT `tb_duplas_ibfk_2` FOREIGN KEY (`idCandidatos`) REFERENCES `tb_candidatos` (`idCandidatos`) ON DELETE CASCADE ON UPDATE CASCADE;

--
-- Limitadores para a tabela `tb_final`
--
ALTER TABLE `tb_final`
  ADD CONSTRAINT `tb_final_ibfk_1` FOREIGN KEY (`idFases`) REFERENCES `tb_fases` (`idFases`) ON DELETE CASCADE ON UPDATE CASCADE,
  ADD CONSTRAINT `tb_final_ibfk_2` FOREIGN KEY (`idCandidatos`) REFERENCES `tb_candidatos` (`idCandidatos`) ON DELETE CASCADE ON UPDATE CASCADE;

--
-- Limitadores para a tabela `tb_forma_duplas`
--
ALTER TABLE `tb_forma_duplas`
  ADD CONSTRAINT `tb_forma_duplas_ibfk_1` FOREIGN KEY (`idFases`) REFERENCES `tb_fases` (`idFases`) ON DELETE CASCADE ON UPDATE CASCADE,
  ADD CONSTRAINT `tb_forma_duplas_ibfk_2` FOREIGN KEY (`idCandidatos`) REFERENCES `tb_candidatos` (`idCandidatos`) ON DELETE CASCADE ON UPDATE CASCADE;

--
-- Limitadores para a tabela `tb_grupos`
--
ALTER TABLE `tb_grupos`
  ADD CONSTRAINT `tb_grupos_ibfk_1` FOREIGN KEY (`idCandidatos`) REFERENCES `tb_candidatos` (`idCandidatos`) ON DELETE CASCADE ON UPDATE CASCADE;

--
-- Limitadores para a tabela `tb_jurados`
--
ALTER TABLE `tb_jurados`
  ADD CONSTRAINT `tb_jurados_ibfk_1` FOREIGN KEY (`idCriterios`) REFERENCES `tb_criterios` (`idCriterios`) ON DELETE CASCADE ON UPDATE CASCADE;

--
-- Limitadores para a tabela `tb_mistura`
--
ALTER TABLE `tb_mistura`
  ADD CONSTRAINT `tb_mistura_ibfk_1` FOREIGN KEY (`idCandidatos`) REFERENCES `tb_candidatos` (`idCandidatos`) ON DELETE CASCADE ON UPDATE CASCADE;

--
-- Limitadores para a tabela `tb_musicas`
--
ALTER TABLE `tb_musicas`
  ADD CONSTRAINT `tb_musicas_ibfk_2` FOREIGN KEY (`idListaPrincipal`) REFERENCES `tb_lista_principal` (`idListaPrincipal`) ON DELETE CASCADE ON UPDATE CASCADE,
  ADD CONSTRAINT `tb_musicas_ibfk_1` FOREIGN KEY (`idCandidatos`) REFERENCES `tb_candidatos` (`idCandidatos`) ON DELETE CASCADE ON UPDATE CASCADE;

--
-- Limitadores para a tabela `tb_pontuacao`
--
ALTER TABLE `tb_pontuacao`
  ADD CONSTRAINT `tb_pontuacao_ibfk_1` FOREIGN KEY (`idCandidatos`) REFERENCES `tb_candidatos` (`idCandidatos`) ON DELETE CASCADE ON UPDATE CASCADE,
  ADD CONSTRAINT `tb_pontuacao_ibfk_2` FOREIGN KEY (`idFases`) REFERENCES `tb_fases` (`idFases`) ON DELETE CASCADE ON UPDATE CASCADE,
  ADD CONSTRAINT `tb_pontuacao_ibfk_3` FOREIGN KEY (`idCriterios`) REFERENCES `tb_criterios` (`idCriterios`) ON DELETE CASCADE ON UPDATE CASCADE;

--
-- Limitadores para a tabela `tb_vencedores`
--
ALTER TABLE `tb_vencedores`
  ADD CONSTRAINT `tb_vencedores_ibfk_1` FOREIGN KEY (`idCandidatos`) REFERENCES `tb_candidatos` (`idCandidatos`) ON DELETE CASCADE ON UPDATE CASCADE;

/*!40101 SET CHARACTER_SET_CLIENT=@OLD_CHARACTER_SET_CLIENT */;
/*!40101 SET CHARACTER_SET_RESULTS=@OLD_CHARACTER_SET_RESULTS */;
/*!40101 SET COLLATION_CONNECTION=@OLD_COLLATION_CONNECTION */;
