-- phpMyAdmin SQL Dump
-- version 4.1.14
-- http://www.phpmyadmin.net
--
-- Host: 127.0.0.1
-- Generation Time: 17-Mar-2017 às 05:46
-- Versão do servidor: 5.6.17
-- PHP Version: 5.5.12

SET SQL_MODE = "NO_AUTO_VALUE_ON_ZERO";
SET time_zone = "+00:00";


/*!40101 SET @OLD_CHARACTER_SET_CLIENT=@@CHARACTER_SET_CLIENT */;
/*!40101 SET @OLD_CHARACTER_SET_RESULTS=@@CHARACTER_SET_RESULTS */;
/*!40101 SET @OLD_COLLATION_CONNECTION=@@COLLATION_CONNECTION */;
/*!40101 SET NAMES utf8 */;

--
-- Database: `jogovideoke`
--

-- --------------------------------------------------------

--
-- Estrutura da tabela `tb_candidatos`
--

CREATE TABLE IF NOT EXISTS `tb_candidatos` (
  `idCandidatos` int(11) NOT NULL AUTO_INCREMENT,
  `nome` varchar(50) COLLATE utf8_unicode_ci NOT NULL,
  `idade` int(2) NOT NULL,
  `imagem` varchar(50) COLLATE utf8_unicode_ci NOT NULL,
  `data` timestamp NOT NULL,
  `situacao` int(1) NOT NULL,
  PRIMARY KEY (`idCandidatos`)
) ENGINE=InnoDB  DEFAULT CHARSET=utf8 COLLATE=utf8_unicode_ci AUTO_INCREMENT=23 ;

--
-- Extraindo dados da tabela `tb_candidatos`
--

INSERT INTO `tb_candidatos` (`idCandidatos`, `nome`, `idade`, `imagem`, `data`, `situacao`) VALUES
(1, 'Weder Monteiro', 32, 'img-003.jpg', '2016-06-24 21:23:38', 1),
(2, 'Daniele Novaes', 28, 'img-002.jpg', '2016-06-24 21:23:38', 1),
(3, 'Warley Monteiro', 29, 'img-001.jpg', '2016-06-24 21:23:38', 1),
(4, 'Maxwell Machado', 30, 'img-002.jpg', '2016-06-24 21:23:38', 1),
(5, 'Werley Monteiro', 34, 'img-003.jpg', '2016-06-24 21:23:38', 1),
(6, 'Daniel Machado', 30, 'img-004.jpg', '2016-06-24 21:23:38', 1),
(7, 'Marilda Monteiro', 52, 'img-001.jpg', '2016-06-24 21:23:38', 1),
(8, 'Muriellen Valeska', 26, 'img-002.jpg', '2016-06-24 21:23:38', 1),
(9, 'Adileusa Monteiro', 56, 'img-003.jpg', '2016-06-24 21:23:38', 1),
(10, 'Daniel Monteiro', 20, 'img-004.jpg', '2016-06-24 21:23:38', 1),
(11, 'Samuel Monteiro', 20, 'img-002.jpg', '2017-03-12 23:57:24', 1),
(12, 'Juscelio Dutra', 28, 'img-003.jpg', '2017-03-12 23:57:25', 1),
(13, 'Ana Paula', 30, 'img-004.jpg', '2017-03-12 23:57:25', 1),
(14, 'Aline Pereira', 26, 'img-001.jpg', '2017-03-12 23:57:25', 1),
(15, 'Romildo Rodrigues', 42, 'img-002.jpg', '2017-03-12 23:57:25', 1),
(16, 'Kilter Sena', 32, 'img-003.jpg', '2017-03-12 23:57:25', 1),
(17, 'Saulo Tinoco', 31, 'img-002.jpg', '2017-03-15 02:13:26', 1),
(18, 'Silas Tinoco', 28, 'img-001.jpg', '2017-03-15 02:13:26', 1),
(19, 'David Luccas', 20, 'img-004.jpg', '2017-03-15 02:13:27', 1),
(20, 'George Luccas', 18, 'img-003.jpg', '2017-03-15 02:13:27', 1),
(21, 'Mara Monteiro', 46, 'img-002.jpg', '2017-03-14 23:27:51', 0),
(22, 'João Corino', 56, 'img-004.jpg', '2017-03-14 23:27:51', 0);

-- --------------------------------------------------------

--
-- Estrutura da tabela `tb_criterios`
--

CREATE TABLE IF NOT EXISTS `tb_criterios` (
  `idCriterios` int(11) NOT NULL AUTO_INCREMENT,
  `criterio` varchar(50) COLLATE utf8_unicode_ci NOT NULL,
  `descricao` text COLLATE utf8_unicode_ci NOT NULL,
  PRIMARY KEY (`idCriterios`)
) ENGINE=InnoDB  DEFAULT CHARSET=utf8 COLLATE=utf8_unicode_ci AUTO_INCREMENT=6 ;

--
-- Extraindo dados da tabela `tb_criterios`
--

INSERT INTO `tb_criterios` (`idCriterios`, `criterio`, `descricao`) VALUES
(1, 'VOZ E AFINACAO', 'Tem em conta não só as capacidades vocais do concorrente, mas também o timbre e a forma como coloca a voz a cantar e respectiva afinação.'),
(2, 'RITMO E TEMPO', 'Tem em conta a forma como o concorrente coloca a melodia no tempo do tema, ou seja, a marcação correcta (ou não) das frases musicais.'),
(3, 'INTERPRETACAO', 'Tem em conta a forma como o concorrente sente e transmite vocalmente o tema que está a interpretar, ou seja, a emoção que transmite na sua atuação.'),
(4, 'PRESENCA EM PALCO ', 'Tem em conta a forma como o concorrente se exibe no palco e a sua interacção com a audiência. São aspectos positivos a forma como se movimenta, o olhar para a audiência, os gestos adequados, sempre de acordo com o tema que canta. São aspectos negativos a permanência estática e as mãos nos bolsos.'),
(5, 'NOTA DO APARELHO', 'O aparelho utiliza um sistema próprio que analiza alguns dos critérios anteriores e pontua de 0 a 100. Utiliza também um sitema de dificuldade para elevar o grau de pontuação, onde Alto dá uma melhor pontuação, Médio dá uma pontuação mediana e Baixa dá uma pontuação baixa, o que exige que o candidato se esforce mais para poder obter notas altas. O sistema usado nesse torneio será o Baixa.');

-- --------------------------------------------------------

--
-- Estrutura da tabela `tb_duplas`
--

CREATE TABLE IF NOT EXISTS `tb_duplas` (
  `idDuplas` int(11) NOT NULL AUTO_INCREMENT,
  `idFases` int(11) NOT NULL,
  `idCandidatos` int(11) NOT NULL,
  `grupo` varchar(1) COLLATE utf8_unicode_ci NOT NULL,
  PRIMARY KEY (`idDuplas`),
  KEY `idFases` (`idFases`,`idCandidatos`),
  KEY `idCandidatos` (`idCandidatos`)
) ENGINE=InnoDB  DEFAULT CHARSET=utf8 COLLATE=utf8_unicode_ci AUTO_INCREMENT=11 ;

--
-- Extraindo dados da tabela `tb_duplas`
--

INSERT INTO `tb_duplas` (`idDuplas`, `idFases`, `idCandidatos`, `grupo`) VALUES
(1, 2, 1, 'A'),
(2, 2, 17, 'B'),
(3, 2, 4, 'A'),
(4, 2, 13, 'B'),
(5, 2, 2, 'A'),
(6, 2, 11, 'B'),
(7, 2, 18, 'A'),
(8, 2, 5, 'B'),
(9, 2, 14, 'A'),
(10, 2, 7, 'B');

-- --------------------------------------------------------

--
-- Estrutura da tabela `tb_fases`
--

CREATE TABLE IF NOT EXISTS `tb_fases` (
  `idFases` int(11) NOT NULL AUTO_INCREMENT,
  `nome` varchar(50) COLLATE utf8_unicode_ci NOT NULL,
  PRIMARY KEY (`idFases`)
) ENGINE=InnoDB  DEFAULT CHARSET=utf8 COLLATE=utf8_unicode_ci AUTO_INCREMENT=4 ;

--
-- Extraindo dados da tabela `tb_fases`
--

INSERT INTO `tb_fases` (`idFases`, `nome`) VALUES
(1, 'Primeira Fase'),
(2, 'Segunda Fase'),
(3, 'Terceira Fase - Final');

-- --------------------------------------------------------

--
-- Estrutura da tabela `tb_final`
--

CREATE TABLE IF NOT EXISTS `tb_final` (
  `idFinal` int(11) NOT NULL AUTO_INCREMENT,
  `idFases` int(11) NOT NULL,
  `idCandidatos` int(11) NOT NULL,
  `grupo` varchar(1) COLLATE utf8_unicode_ci NOT NULL,
  PRIMARY KEY (`idFinal`),
  KEY `idFases` (`idFases`),
  KEY `idCandidatos` (`idCandidatos`)
) ENGINE=InnoDB  DEFAULT CHARSET=utf8 COLLATE=utf8_unicode_ci AUTO_INCREMENT=6 ;

--
-- Extraindo dados da tabela `tb_final`
--

INSERT INTO `tb_final` (`idFinal`, `idFases`, `idCandidatos`, `grupo`) VALUES
(1, 3, 1, 'A'),
(2, 3, 13, 'B'),
(3, 3, 2, 'A'),
(4, 3, 18, 'A'),
(5, 3, 7, 'B');

-- --------------------------------------------------------

--
-- Estrutura da tabela `tb_forma_duplas`
--

CREATE TABLE IF NOT EXISTS `tb_forma_duplas` (
  `idFormaDuplas` int(11) NOT NULL AUTO_INCREMENT,
  `idFases` int(1) NOT NULL,
  `idCandidatos` int(1) NOT NULL,
  `grupo` varchar(1) COLLATE utf8_unicode_ci NOT NULL,
  PRIMARY KEY (`idFormaDuplas`),
  KEY `idFases` (`idFases`),
  KEY `idCandidatos` (`idCandidatos`)
) ENGINE=InnoDB  DEFAULT CHARSET=utf8 COLLATE=utf8_unicode_ci AUTO_INCREMENT=11 ;

--
-- Extraindo dados da tabela `tb_forma_duplas`
--

INSERT INTO `tb_forma_duplas` (`idFormaDuplas`, `idFases`, `idCandidatos`, `grupo`) VALUES
(1, 2, 1, 'A'),
(2, 2, 4, 'A'),
(3, 2, 2, 'A'),
(4, 2, 18, 'A'),
(5, 2, 14, 'A'),
(6, 2, 7, 'B'),
(7, 2, 5, 'B'),
(8, 2, 11, 'B'),
(9, 2, 13, 'B'),
(10, 2, 17, 'B');

-- --------------------------------------------------------

--
-- Estrutura da tabela `tb_grupos`
--

CREATE TABLE IF NOT EXISTS `tb_grupos` (
  `idGrupos` int(11) NOT NULL AUTO_INCREMENT,
  `idCandidatos` int(11) NOT NULL,
  `grupo` varchar(1) COLLATE utf8_unicode_ci NOT NULL,
  PRIMARY KEY (`idGrupos`),
  KEY `idCandidatos` (`idCandidatos`)
) ENGINE=InnoDB  DEFAULT CHARSET=utf8 COLLATE=utf8_unicode_ci AUTO_INCREMENT=21 ;

--
-- Extraindo dados da tabela `tb_grupos`
--

INSERT INTO `tb_grupos` (`idGrupos`, `idCandidatos`, `grupo`) VALUES
(1, 14, 'A'),
(2, 9, 'A'),
(3, 8, 'A'),
(4, 18, 'A'),
(5, 16, 'A'),
(6, 19, 'A'),
(7, 3, 'A'),
(8, 4, 'A'),
(9, 2, 'A'),
(10, 1, 'A'),
(11, 7, 'B'),
(12, 20, 'B'),
(13, 17, 'B'),
(14, 11, 'B'),
(15, 10, 'B'),
(16, 5, 'B'),
(17, 12, 'B'),
(18, 13, 'B'),
(19, 15, 'B'),
(20, 6, 'B');

-- --------------------------------------------------------

--
-- Estrutura da tabela `tb_jurados`
--

CREATE TABLE IF NOT EXISTS `tb_jurados` (
  `idJurados` int(11) NOT NULL AUTO_INCREMENT,
  `idCriterios` int(11) NOT NULL,
  `nome` varchar(50) COLLATE utf8_unicode_ci NOT NULL,
  PRIMARY KEY (`idJurados`),
  KEY `idCriterios` (`idCriterios`)
) ENGINE=InnoDB  DEFAULT CHARSET=utf8 COLLATE=utf8_unicode_ci AUTO_INCREMENT=5 ;

--
-- Extraindo dados da tabela `tb_jurados`
--

INSERT INTO `tb_jurados` (`idJurados`, `idCriterios`, `nome`) VALUES
(1, 1, 'Vinicius Vieira'),
(2, 2, 'Daia Tonkeslk'),
(3, 3, 'Suelton Camara'),
(4, 4, 'Eli Jhon');

-- --------------------------------------------------------

--
-- Estrutura da tabela `tb_lista_principal`
--

CREATE TABLE IF NOT EXISTS `tb_lista_principal` (
  `idListaPrincipal` int(11) NOT NULL AUTO_INCREMENT,
  `interprete` varchar(50) COLLATE utf8_unicode_ci NOT NULL,
  `codigo` int(11) NOT NULL,
  `titulo` varchar(50) COLLATE utf8_unicode_ci NOT NULL,
  `inicio` varchar(255) COLLATE utf8_unicode_ci NOT NULL,
  `idioma` varchar(50) COLLATE utf8_unicode_ci NOT NULL,
  PRIMARY KEY (`idListaPrincipal`)
) ENGINE=InnoDB  DEFAULT CHARSET=utf8 COLLATE=utf8_unicode_ci AUTO_INCREMENT=973 ;

--
-- Extraindo dados da tabela `tb_lista_principal`
--

INSERT INTO `tb_lista_principal` (`idListaPrincipal`, `interprete`, `codigo`, `titulo`, `inicio`, `idioma`) VALUES
(1, 'Zezé Di Camargo e Luciano', 1658, 'MENTES TÃO BEM', 'Me promete amor sincero uma vida in', 'BRA'),
(2, 'Erasmo Carlos-Renato Russo', 2881, 'A CARTA', 'Escrevo-te estas mal traçadas linhas', 'BRA'),
(3, 'Jorge Benjor', 3001, 'A BANDA DO ZÉ PRETINHO', 'A banda do Zé Pretinho chegou...', 'BRA'),
(4, 'Kid Abelha', 3002, 'A FÓRMULA DO AMOR', 'Eu tenho gestos aptos sei...', 'BRA'),
(5, 'Ronnie Von', 3003, 'A PRAÇA', 'Hoje eu acordei com saudades de você', 'BRA'),
(6, 'Royce do Cavaco', 3004, 'A SAUDADE DÓI', 'Não ligue pro que aconteceu', 'BRA'),
(7, 'Roupa Nova', 3005, 'A VIAGEM', 'Há tanto tempo que eu deixei você', 'BRA'),
(8, 'Elis Regina', 3006, 'ÁGUAS DE MARÇO', 'É pau é pedra é o fim do cami...', 'BRA'),
(9, 'Ataulfo Alves', 3007, 'AI! QUE SAUDADE DA AMÉLIA', 'Nunca vi fazer tanta exigência', 'BRA'),
(10, 'Marina Lima', 3008, 'AINDA É CEDO', 'Uma menina me ensinou', 'BRA'),
(11, 'Marisa Monte', 3009, 'AINDA LEMBRO', 'Ainda lembro o que passou', 'BRA'),
(12, 'Peri Ribeiro', 3010, 'ALGUÉM COMO TU', 'Alguém como tu', 'BRA'),
(13, 'Fábio Jr.', 3011, 'ALMA GÊMEA', 'Por você eu tenho feito e faço tudo', 'BRA'),
(14, 'Roberto Carlos', 3012, 'AMADA AMANTE', 'Esse amor demais antigo', 'BRA'),
(15, 'Netinho', 3013, 'AMOR CALIENTE', 'Convidei-a para dançar', 'BRA'),
(16, 'Severino Araújo', 3014, 'ANOS DOURADOS', 'Parece que dizes te amo Maria', 'BRA'),
(17, 'Belchior', 3015, 'APENAS UM RAPAZ LATINO AMERICANO', 'Eu sou apenas um rapaz', 'BRA'),
(18, 'Gal Costa', 3016, 'AQUARELA DO BRASIL', 'Brasil meu Brasil brasileiro...', 'BRA'),
(19, 'Ara Ketu', 3017, 'ARA KETU BOM DEMAIS', 'Não dá pra esconder', 'BRA'),
(20, 'Cartola', 3018, 'AS ROSAS NÃO FALAM', 'Bate outra vez com esperanças', 'BRA'),
(21, 'Luiz Gonzaga', 3019, 'ASA BRANCA', 'Quando olhei a terra ardendo', 'BRA'),
(22, 'Zizi Possi', 3020, 'ASA MORENA', 'Me faz pequena asa morena', 'BRA'),
(23, 'Lulu Santos', 3021, 'ASSIM CAMINHA A HUMANIDADE', 'Ainda vai levar um tempo', 'BRA'),
(24, 'Ataulfo Alves', 3022, 'ATIRE A PRIMEIRA PEDRA', 'Covarde sei que me podem chamar', 'BRA'),
(25, 'Banda Mel', 3023, 'BAIANIDADE NAGÔ', 'Êh ôh êh ôh laiá... Já pintou verão calor no', 'BRA'),
(26, 'Gal Costa', 3024, 'BALANCÊ', 'Oh balancê balancê quero...', 'BRA'),
(27, 'Rita Lee', 3025, 'BANHO DE ESPUMA', 'Que tal nós dois numa banheira', 'BRA'),
(28, 'Celly Campello', 3026, 'BANHO DE LUA', 'Tomo um banho de lua fico branca com', 'BRA'),
(29, 'Elba Ramalho', 3027, 'BATE CORAÇÃO', 'Bate bate bate coração', 'BRA'),
(30, 'Banda Mel', 3028, 'BATEU SAUDADE', 'Jura jura que me dá o seu amor', 'BRA'),
(31, 'Negritude Júnior', 3029, 'BEIJO GELADINHO', 'Tô te vendo tô sentindo...', 'BRA'),
(32, 'Marisa Monte', 3030, 'BEM QUE SE QUIS', 'Bem que se quis depois de tudo ainda ser', 'BRA'),
(33, 'Mariane', 3031, 'BERIMBOLANDO O PÁ-DE-DÊ', 'Atirei o pau no gato mas não sei', 'BRA'),
(34, 'Ed Wilson', 3032, 'BIQUINI DE BOLINHA AMARELINHA', 'Ana Maria entrou na cabine', 'BRA'),
(35, 'Moraes Moreira', 3033, 'BRASIL PANDEIRO', 'Chegou a hora dessa gente bronzeada', 'BRA'),
(36, 'Xuxa', 3034, 'BRINCAR DE ÍNDIO', 'Ôh ôh ôh ôh... Vamos brincar de índio mas', 'BRA'),
(37, 'Chitãozinho e Xororó', 3035, 'BRINCAR DE SER FELIZ', 'Tranquei a porta do meu peito', 'BRA'),
(38, 'Fábio Jr.', 3036, 'CAÇA E CAÇADOR', 'Você pintou como um sonho', 'BRA'),
(39, 'Molejo', 3037, 'CAÇAMBA', 'Traz a caçamba traz a caçamba', 'BRA'),
(40, 'Leandro e Leonardo', 3038, 'CADÊ VOCÊ', 'O tempo vai o tempo vem a...', 'BRA'),
(41, 'Milton Nascimento', 3039, 'CANÇÃO DA AMÉRICA', 'Amigo é coisa pra se guardar', 'BRA'),
(42, 'Netinho', 3040, 'CAPRICHO DOS DEUSES', 'Numa noite de lua ah uma...', 'BRA'),
(43, 'Rita Lee', 3041, 'CASO SÉRIO', 'Eu fico pensando em nós dois', 'BRA'),
(44, 'Zélia Duncan', 3042, 'CATEDRAL', 'O deserto que atravessei', 'BRA'),
(45, 'Larissa e William', 3043, 'CAVALEIROS DO ZODÍACO', 'Tem sempre alguém no...', 'BRA'),
(46, 'Música Junina', 3044, 'CHEGOU A HORA DA FOGUEIRA', 'Chegou a hora da fogueira', 'BRA'),
(47, 'Guilherme Arantes', 3045, 'CHEIA DE CHARME', 'Quando a vi logo ali tão perto...', 'BRA'),
(48, 'Raça Negra', 3046, 'CHEIA DE MANIAS', 'Cheia de manias toda dengosa', 'BRA'),
(49, 'Mamonas Assassinas', 3047, 'CHOPIS CENTIS', 'Eu di um beijo nela', 'BRA'),
(50, 'Jorge Benjor', 3048, 'CHOVE CHUVA', 'Chove chuva chove sem parar...', 'BRA'),
(51, 'Raça Negra', 3049, 'CIÚME DE VOCÊ', 'Se você demora mais um pouco eu fico louco', 'BRA'),
(52, 'Roberto Carlos', 3050, 'COISA BONITA', 'Amo você assim e não sei pra que', 'BRA'),
(53, 'Gonzaguinha', 3051, 'COMEÇARIA TUDO OUTRA VEZ', 'Começaria tudo outra vez...', 'BRA'),
(54, 'Lulu Santos', 3052, 'COMO UMA ONDA', 'Nada do que foi será', 'BRA'),
(55, 'Netinho', 3053, 'COMO?', 'Como vou deixar você', 'BRA'),
(56, 'Dick Farney', 3054, 'COPACABANA', 'Existem praias tão lindas ...', 'BRA'),
(57, 'Sérgio Reis', 3055, 'CORAÇÃO DE PAPEL', 'Se você pensa que meu coração...', 'BRA'),
(58, 'Zezé Di Camargo e Luciano', 3056, 'CORAÇÃO ESTÁ EM PEDAÇOS', 'Hoje eu vim te procurar a saudade', 'BRA'),
(59, 'Lulu Santos', 3057, 'DE REPENTE CALIFÓRNIA', 'Garota eu vou pra Califórnia', 'BRA'),
(60, 'Leny Andrade', 3058, 'DEIXA', 'Deixa fale quem quiser falar meu bem deixa', 'BRA'),
(61, 'Guilherme Arantes', 3059, 'DEIXA CHOVER', 'Certos dias de chuva...', 'BRA'),
(62, 'Alcione', 3060, 'DELÍRIO DO AMOR (CHAMEGO)', 'Você acaba dando um jeito', 'BRA'),
(63, 'Rita Lee', 3061, 'DESCULPE O AUÊ', 'Desculpe o auê', 'BRA'),
(64, 'Leandro e Leonardo', 3062, 'DESCULPE, MAS EU VOU CHORAR', 'As luzes da cidade acesas...', 'BRA'),
(65, 'Roberto Carlos', 3063, 'DETALHES', 'Não adianta nem tentar', 'BRA'),
(66, 'Elba Ramalho', 3064, 'DO JEITO QUE A GENTE GOSTA', 'Cai cai morena no fuá que ainda é ce', 'BRA'),
(67, 'Rita Lee', 3065, 'DOCE VAMPIRO', 'Venha me beijar meu doce vampiro', 'BRA'),
(68, 'Só Pra Contrariar', 3066, 'DÓI DEMAIS', 'Tá doendo sim tá doendo em mim', 'BRA'),
(69, 'Elis Regina', 3067, 'DOIS PRA LÁ DOIS PRA CÁ', 'Sentindo frio em minha''lma', 'BRA'),
(70, 'Roupa Nova', 3068, 'DONA', 'Dona desses traiçoeiros', 'BRA'),
(71, 'Trem da Alegria', 3069, 'É DE CHOCOLATE', 'Por detrás do arco íris além do horizonte', 'BRA'),
(72, 'Caetano Veloso', 3070, 'É HOJE', 'A minha alegria atravessou o mar', 'BRA'),
(73, 'Zezé Di Camargo e Luciano', 3071, 'É O AMOR', 'Eu não vou negar que sou louco por você', 'BRA'),
(74, 'Raça Negra', 3072, 'É TARDE DEMAIS', 'Olha só você depois de me perder', 'BRA'),
(75, 'Kid Abelha', 3073, 'EDUCAÇÃO SENTIMENTAL II', 'A vida que me ensinaram...', 'BRA'),
(76, 'Roberto Carlos', 3074, 'EMOÇÕES', 'Quando eu estou aqui', 'BRA'),
(77, 'Engenheiros do Hawaí', 3075, 'ERA UM GAROTO QUE COMO EU', 'Era um garoto que como eu', 'BRA'),
(78, 'Tetê Espíndola', 3076, 'ESCRITO NAS ESTRELAS', 'Você pra mim foi o sol', 'BRA'),
(79, 'Skank', 3077, 'ESMOLA', 'Uma esmola pelo amor de Deus', 'BRA'),
(80, 'Sá e Guarabyra', 3078, 'ESPANHOLA', 'Por tantas vezes eu andei mentindo', 'BRA'),
(81, 'Patrícia Marx', 3079, 'ESPELHO D''ÁGUA', 'Hum seus olhos são espelhos d''água', 'BRA'),
(82, 'Roberto Carlos', 3080, 'ESQUEÇA (FORGET HIM)', 'Esqueça se ele não te ama', 'BRA'),
(83, 'Só Pra Contrariar', 3081, 'ESSA TAL LIBERDADE', 'O que é que eu vou fazer com essa tal', 'BRA'),
(84, 'Lupicínio Rodrigues', 3082, 'ESSES MOÇOS', 'Estes moços pobres moços', 'BRA'),
(85, 'Raça Negra', 3083, 'ESTOU MAL', 'Eu pensei que fosse fácil te esquecer', 'BRA'),
(86, 'Banda Cheiro de Amor', 3084, 'ESTRELA PRIMEIRA', 'É luz do meu ser a fonte mais pura do viver', 'BRA'),
(87, 'Celly Campello', 3085, 'ESTÚPIDO CUPIDO', 'Oh oh cupido vê se deixa em paz', 'BRA'),
(88, 'Grupo Raça', 3086, 'EU E ELA', 'Numa linda noite bela saímos...', 'BRA'),
(89, 'Roberto Carlos', 3087, 'EU E ELA', 'Um grande amor começa agora', 'BRA'),
(90, 'Razão Brasileira', 3088, 'EU MENTI', 'Eu menti quando disse que não te queria', 'BRA'),
(91, 'Raul Seixas', 3089, 'EU NASCI HÁ DEZ MIL ANOS ATRÁS', 'Um dia numa rua da cidade eu vi um', 'BRA'),
(92, 'Legião Urbana', 3090, 'EU SEI', 'Sexo verbal não faz meu...', 'BRA'),
(93, 'Dominguinhos', 3091, 'EU SÓ QUERO UM XODÓ', 'A sa ca po re iê mo dum ô hô ma bê', 'BRA'),
(94, 'Zezé Di Camargo e Luciano', 3092, 'EU TE AMO (AND I LOVE HER)', 'Foi tanto que eu te amei', 'BRA'),
(95, 'Banda Brasil', 3093, 'EU TE AMO, TE AMO, TE AMO', 'Tanto tempo longe de você', 'BRA'),
(96, 'Chitãozinho e Xororó', 3094, 'EVIDÊNCIAS', 'Quando eu digo que deixei de te amar', 'BRA'),
(97, 'Cazuza', 3095, 'EXAGERADO', 'Amor da minha vida', 'BRA'),
(98, 'Maria Bethânia', 3096, 'EXPLODE CORAÇÃO', 'Chega de tentar dissimular e disfarça', 'BRA'),
(99, 'Guilherme Arantes', 3097, 'ÊXTASE', 'Eu nem sonhava te amar...', 'BRA'),
(100, 'Leandro e Leonardo', 3098, 'FAZ MAIS UMA VEZ COMIGO', 'Não paro de rolar na cama...', 'BRA'),
(101, 'Cazuza', 3099, 'FAZ PARTE DO MEU SHOW', 'Te pego na escola e encho a tua bola', 'BRA'),
(102, 'Xuxa', 3100, 'FESTA DO ESTICA E PUXA', 'E todos dançam pega estica e puxa', 'BRA'),
(103, 'Gal Costa', 3101, 'FESTA DO INTERIOR', 'Fagulhas pontas de agulhas...', 'BRA'),
(104, 'Chitãozinho e Xororó', 3102, 'FIO DE CABELO', 'Quando a gente ama qualquer coisa ser', 'BRA'),
(105, 'Rita Lee', 3103, 'FLAGRA', 'Xá xap xap xa á... No escurinho do cinema', 'BRA'),
(106, 'Djavan', 3104, 'FLOR DE LIZ', 'Valei-me Deus é o fim do nosso amor', 'BRA'),
(107, 'Wando', 3105, 'FOGO E PAIXÃO', 'Você é luz é raio estrela e luar manhã de sol', 'BRA'),
(108, 'Elba Ramalho', 3106, 'FOLIA BRASILEIRA', 'Tem que ter molejo meu bem', 'BRA'),
(109, 'Royce do Cavaco', 3107, 'FRENTE À FRENTE', 'A gente se enganou pensando que era', 'BRA'),
(110, 'Marina Lima', 3108, 'FULLGÁS', 'Meu mundo você é quem faz', 'BRA'),
(111, 'Os Cariocas', 3109, 'GAROTA DE IPANEMA', 'Olha que coisa mais linda', 'BRA'),
(112, 'Tim Maia', 3110, 'GOSTAVA TANTO DE VOCÊ', 'Não sei por que você se foi', 'BRA'),
(113, 'Maria Bethânia', 3111, 'GOSTOSO DEMAIS', 'Tô com saudade de tu meu desejo', 'BRA'),
(114, 'Legião Urbana', 3112, 'HÁ TEMPOS', 'Parece cocaína mas é só...', 'BRA'),
(115, 'Hino do Corinthians', 3113, 'HINO DO CORINTHIANS', 'Salve o Corinthians...', 'BRA'),
(116, 'Ney Matogrosso', 3114, 'HOMEM COM "H"', 'Nunca vi rastro de cobra', 'BRA'),
(117, 'Xuxa', 3115, 'ILARIÊ', 'Tá na hora tá na hora', 'BRA'),
(118, 'Negritude Júnior', 3116, 'INDIFERENÇA', 'A gente já não fala mais...', 'BRA'),
(119, 'Grupo Pirraça', 3117, 'INIGUALÁVEL PAIXÃO', 'És inigualável na arte de amar...', 'BRA'),
(120, 'Dominguinhos', 3118, 'ISSO AQUI TÁ BOM DEMAIS', 'Olha isso aqui tá muito bom', 'BRA'),
(121, 'Skank', 3119, 'JACKIE TEQUILA', 'Funk lá no morro da mangueira', 'BRA'),
(122, 'Raça Negra', 3120, 'JEITO FELINO', 'Só de pensar que sua boca', 'BRA'),
(123, 'Elba Ramalho', 3121, 'JOGO DE CINTURA', 'Você tem que ter jogo de cintura', 'BRA'),
(124, 'Cravo e Canela', 3122, 'LÁ VEM NEGÃO', 'Lá vem o negão cheio de paixão', 'BRA'),
(125, 'Mamonas Assassinas', 3123, 'LÁ VEM O ALEMÃO', 'Só de pensar que nós dois éramos dois', 'BRA'),
(126, 'Rita Lee', 3124, 'LANÇA PERFUME', 'Lança menina lança todo esse perfume', 'BRA'),
(127, 'Guilherme Arantes', 3125, 'LANCE LEGAL', 'Caminhar ao seu lado...', 'BRA'),
(128, 'Hino do Santos', 3126, 'HINO DO SANTOS (LEÃO DO MAR)', 'Santos Santos Gol...', 'BRA'),
(129, 'Fagner', 3127, 'LEMBRANÇAS DE UM BEIJO', 'Quando a saudade invade o ...', 'BRA'),
(130, 'Emílio Santiago', 3128, 'LESÕES CORPORAIS', 'Nós dois já não somos os mesmos não dá', 'BRA'),
(131, 'Pirlimpimpim', 3129, 'LINDO BALÃO AZUL', 'Eu vivo sempre no mundo da lua', 'BRA'),
(132, 'Djavan', 3130, 'LINHA DO EQUADOR', 'Luz das estrelas laço do infinito', 'BRA'),
(133, 'Elis Regina', 3131, 'MADALENA', 'Oh Madalena o meu peito percebeu que o mar', 'BRA'),
(134, 'Blitz', 3132, 'MAIS UMA DE AMOR', 'Perdi meu amor no paraíso', 'BRA'),
(135, 'Raul Seixas', 3133, 'MALUCO BELEZA', 'Enquanto você se esforça pra ser', 'BRA'),
(136, 'Wilson Simonal', 3134, 'MAMÃE PASSOU AÇÚCAR EM MIM', 'Eu sei que tenho muitos garotos', 'BRA'),
(137, 'Rita Lee', 3135, 'MANIA DE VOCÊ', 'Meu bem você me dá água na boca', 'BRA'),
(138, 'Ed Motta', 3136, 'MANUEL', 'Manuel foi pro céu Manuel foi pro céu', 'BRA'),
(139, 'Raça Negra', 3137, 'MARAVILHA', 'Foi bom te encontrar foi bom te', 'BRA'),
(140, 'Sem Compromisso', 3138, 'MARIANA, PARTE MINHA', 'Se eu beijar a sua boca', 'BRA'),
(141, 'Dick Farney', 3139, 'MARINA', 'Marina morena Marina você se pintou', 'BRA'),
(142, 'Os Morenos', 3140, 'MARROM BOM BOM', 'A gente tem tudo pra dar certo', 'BRA'),
(143, 'Emílio Santiago', 3141, 'MASCARADO', 'Vejo agora este teu lindo ...', 'BRA'),
(144, 'Jamelão', 3142, 'MATRIZ OU FILIAL', 'Quem sou eu pra ter direitos...', 'BRA'),
(145, 'Lobão', 3143, 'ME CHAMA', 'Chove lá fora e aqui', 'BRA'),
(146, 'Latino', 3144, 'ME LEVA', 'Moça eu não sei mais o que...', 'BRA'),
(147, 'Copacabana Beat', 3145, 'ME LEVA CONTIGO', 'Baby fala comigo diz se eu...', 'BRA'),
(148, 'Raça Negra', 3146, 'ME LEVA JUNTO COM VOCÊ', 'No mel do seu beijo tem o gosto do', 'BRA'),
(149, 'Raul Seixas', 3147, 'MEDO DA CHUVA', 'É pena que você pense que eu sou seu', 'BRA'),
(150, 'Copacabana Beat', 3148, 'MEL DA SUA BOCA', 'Como é doce o beijo quando', 'BRA'),
(151, 'Paralamas do Sucesso', 3149, 'MELÔ DO MARINHEIRO', 'Sabe de uma coisa rapaz', 'BRA'),
(152, 'Gera Samba', 3150, 'MELÔ DO TCHAN', 'Pau que nasce torto nunca se endireita', 'BRA'),
(153, 'Fafá de Belém', 3151, 'MEMÓRIAS', 'Você foi a maior das minhas amarguras', 'BRA'),
(154, 'Netinho', 3152, 'MENINA', 'Menina que um dia eu conheci criança', 'BRA'),
(155, 'Beto Barbosa', 3153, 'MEU AMOR NÃO VÁ EMBORA', 'Meu amor não vá embora não', 'BRA'),
(156, 'Djavan', 3154, 'MEU BEM QUERER', 'Meu bem querer é segredo é sagrado', 'BRA'),
(157, 'Paralamas do Sucesso', 3155, 'MEU ERRO', 'Eu quis dizer você não quis escutar', 'BRA'),
(158, 'Guilherme Arantes', 3156, 'MEU MUNDO E NADA MAIS', 'Quando eu fui ferido vi tudo...', 'BRA'),
(159, 'Joanna', 3157, 'MEU PRIMEIRO AMOR', 'Saudade palavra triste...', 'BRA'),
(160, 'Mastruz Com Leite', 3158, 'MEU VAQUEIRO MEU PEÃO', 'Lá vem montado em seu alazão', 'BRA'),
(161, 'Erasmo Carlos', 3159, 'MINHA FAMA DE MAU', 'Meu bem às vezes diz', 'BRA'),
(162, 'Wando', 3160, 'MOÇA', 'Moça me espere amanhã', 'BRA'),
(163, 'Wando', 3161, 'MORDIDA NA MAÇÃ', 'Eu queria me esconder um dia desses', 'BRA'),
(164, 'Zezé Di Camargo e Luciano', 3162, 'MUDA DE VIDA', 'Não sei aonde eu ando com a cabeça', 'BRA'),
(165, 'Dalto', 3163, 'MUITO ESTRANHO', 'Hum mas se um dia eu chegar muito estranho', 'BRA'),
(166, 'Roberto Carlos', 3164, 'MULHER PEQUENA', 'Quando uma mulher pequena', 'BRA'),
(167, 'Capital Inicial', 3165, 'MÚSICA URBANA', 'Contra todos contra ninguém', 'BRA'),
(168, 'Kid Abelha', 3166, 'NADA POR MIM', 'Você me tem fácil de mais...', 'BRA'),
(169, 'Latino', 3167, 'NÃO ADIANTA CHORAR', 'Eu te levei a sério fiz tudo...', 'BRA'),
(170, 'Leandro e Leonardo', 3168, 'NÃO APRENDI DIZER ADEUS', 'Não aprendi dizer adeus...', 'BRA'),
(171, 'Alcione', 3169, 'NÃO DEIXE O SAMBA MORRER', 'Não deixe o samba morrer', 'BRA'),
(172, 'Tim Maia', 3170, 'NÃO QUERO DINHEIRO SÓ QUERO AMAR', 'Vou pedir pra você voltar', 'BRA'),
(173, 'Maria Bethânia', 3171, 'NEGUE', 'Negue seu amor o seu carinho', 'BRA'),
(174, 'Chitãozinho e Xororó', 3172, 'NO RANCHO FUNDO', 'No Rancho Fundo bem pra lá do fim do', 'BRA'),
(175, 'Zizi Possi', 3173, 'NOITE', 'Eu fico quieta num canto', 'BRA'),
(176, 'Música Junina', 3174, 'NOITES DE JUNHO', 'Noite fria tão fria de junho', 'BRA'),
(177, 'Ultraje a Rigor', 3175, 'NÓS VAMOS INVADIR SUA PRAIA', 'Daqui do morro dá pra ver tão legal', 'BRA'),
(178, 'Banda Cheiro de Amor', 3176, 'NOSSA GENTE (AVISA LÁ)', 'Avisa lá que eu vou chegar mais tarde', 'BRA'),
(179, 'Marina Lima', 3177, 'NOSSO ESTRANHO AMOR', 'Não quero sugar todo o seu leite', 'BRA'),
(180, 'Só Pra Contrariar', 3178, 'NOSSO SONHO NÃO É ILUSÃO', 'Estão falando pra eu tomar cuidado', 'BRA'),
(181, 'Fagner', 3179, 'NOTURNO', 'O aço dos meus olhos', 'BRA'),
(182, 'Fagner', 3180, 'NUNCA', 'Nunca nem que o mundo caia', 'BRA'),
(183, 'Chitãozinho e Xororó', 3181, 'NUVEM DE LÁGRIMAS', 'Há uma nuvem de lágrimas', 'BRA'),
(184, 'Maysa', 3182, 'O BARQUINHO', 'Dia de luz festa do sol e o barquinho', 'BRA'),
(185, 'Elis Regina', 3183, 'O BÊBADO E A EQUILIBRISTA', 'Caía a tarde feito um viaduto...', 'BRA'),
(186, 'Dorival Caymmi', 3184, 'O BEM E O MAL', 'Eu guardo em mim dois ...', 'BRA'),
(187, 'Ricardo Chaves', 3185, 'O BICHO', 'Quando o vento bater nos seus cabelos', 'BRA'),
(188, 'Eduardo Araújo', 3186, 'O BOM', 'Meu carro é vermelho', 'BRA'),
(189, 'Daniela Mercury', 3187, 'O CANTO DA CIDADE', 'A cor dessa cidade sou eu', 'BRA'),
(190, 'Guilherme Arantes', 3188, 'O MELHOR VAI COMEÇAR', 'Eu quero o sol ao despertar...', 'BRA'),
(191, 'Gonzaguinha', 3189, 'O QUE É O QUE É', 'Eu fico com a pureza da...', 'BRA'),
(192, 'Grupo Pirraça', 3190, 'O QUE É QUE EU VOU FAZER', 'Eu não passo de um brinquedo...', 'BRA'),
(193, 'Chico Buarque', 3191, 'O QUE SERÁ (A FLOR DA TERRA)', 'O que será que será', 'BRA'),
(194, 'Lulu Santos', 3192, 'O ÚLTIMO ROMÂNTICO', 'Faltava abandonar a velha escola', 'BRA'),
(195, 'Secos e Molhados', 3193, 'O VIRA', 'O gato preto cruzou a estrada', 'BRA'),
(196, 'Djavan', 3194, 'OCEANO', 'Assim que o dia amanheceu lá no mar alto', 'BRA'),
(197, 'Paralamas do Sucesso', 3195, 'ÓCULOS', 'Se as meninas do Leblon', 'BRA'),
(198, 'Raça Negra', 3196, 'OI (ESTOU TE AMANDO)', 'É legal demais ter você pra mim', 'BRA'),
(199, 'RPM', 3197, 'OLHAR 43', 'Seu corpo é o fruto proibido', 'BRA'),
(200, 'Maria Creuza', 3198, 'ONDE ANDA VOCÊ', 'E por falar em saudade', 'BRA'),
(201, 'Djavan', 3199, 'OUTONO', 'Um olhar uma luz', 'BRA'),
(202, 'Roberto Carlos', 3200, 'OUTRA VEZ', 'Você foi o maior dos meus casos', 'BRA'),
(203, 'Rita Lee', 3201, 'OVELHA NEGRA', 'Levava uma vida sossegada', 'BRA'),
(204, 'Legião Urbana', 3202, 'PAIS E FILHOS', 'Estátuas e cofres e paredes...', 'BRA'),
(205, 'Zezé Di Camargo e Luciano', 3203, 'PÃO DE MEL', 'Você é minha luz estrada meu caminho', 'BRA'),
(206, 'Molejo', 3204, 'PAPARICO', 'Menina vou lhe ser sincero', 'BRA'),
(207, 'Parabéns a Você', 3205, 'PARABÉNS A VOCÊ', 'Parabéns pra você nessa data querida', 'BRA'),
(208, 'Wanderléa', 3206, 'PARE O CASAMENTO', 'Antes de continuar a cerimônia', 'BRA'),
(209, 'Fábio Jr.', 3207, 'PAREÇO UM MENINO', 'Apenas você tem o dom de guiar meu de', 'BRA'),
(210, 'Leandro e Leonardo', 3208, 'PAZ NA CAMA', 'Quando alguém lhe perguntar...', 'BRA'),
(211, 'Música Junina', 3209, 'PEDRO, ANTÔNIO E JOÃO', 'Com a filha de João Antonio ia se casaar', 'BRA'),
(212, 'Mamonas Assassinas', 3210, 'PELADOS EM SANTOS', 'Mina seus cabelo é da hora', 'BRA'),
(213, 'Molejo', 3211, 'PENSAMENTO VERDE', 'Essa é a história de uma garota nova', 'BRA'),
(214, 'Raça Negra', 3212, 'PENSANDO EM VOCÊ', 'Sempre que estou sozinho fico pensando', 'BRA'),
(215, 'Emílio Santiago', 3213, 'PERFUME SIAMÊS', 'Mas que prazer te rever que bom te', 'BRA'),
(216, 'Zizi Possi', 3214, 'PERIGO', 'Nem quero saber se o clima...', 'BRA'),
(217, 'Djavan', 3215, 'PÉTALA', 'O seu amor...', 'BRA'),
(218, 'Kid Abelha', 3216, 'PINTURA ÍNTIMA', 'Vem amor que a hora é essa...', 'BRA'),
(219, 'Guilherme Arantes', 3217, 'PLANETA ÁGUA', 'Água que nasce na fonte...', 'BRA'),
(220, 'Chitãozinho e Xororó', 3218, 'PLANETA AZUL', 'A vida e a natureza sempre à mercê', 'BRA'),
(221, 'Leno e Lilian', 3219, 'POBRE MENINA', 'Pobre menina não tem...', 'BRA'),
(222, 'Banda Brasil', 3220, 'PODEROSA', 'Pode ser que eu consiga esquecer mas eu', 'BRA'),
(223, 'Marina Lima', 3221, 'PRA COMEÇAR', 'Pra começar quem vai colar os tais', 'BRA'),
(224, 'Sandy e Júnior', 3222, 'PRA DANÇAR COM VOCÊ', 'No baile da escola eu espero você', 'BRA'),
(225, 'Barão Vermelho', 3223, 'PRO DIA NASCER FELIZ', 'Todo o dia a insônia me convence que', 'BRA'),
(226, 'Wanderléa', 3224, 'PROVA DE FOGO', 'Esta é uma prova de fogo', 'BRA'),
(227, 'Música Junina', 3225, 'PULA A FOGUEIRA', 'Pula a fogueira iaiá', 'BRA'),
(228, 'Patrícia Marx', 3226, 'QUANDO CHOVE', 'Quando olho nos teus olhos', 'BRA'),
(229, 'Fábio Jr.', 3227, 'QUANDO GIRA O MUNDO', 'Tudo tudo pode acontecer', 'BRA'),
(230, 'Legião Urbana', 3228, 'QUANDO O SOL BATER', 'Quando o sol bater na janela...', 'BRA'),
(231, 'Legião Urbana', 3229, 'QUASE SEM QUERER', 'Tenho andado distraído...', 'BRA'),
(232, 'Legião Urbana', 3230, 'QUE PAÍS É ESTE', 'Nas favelas no senado...', 'BRA'),
(233, 'Raça Negra', 3231, 'QUE PENA', 'Que pena tudo acabar que pena você me', 'BRA'),
(234, 'Só Pra Contrariar', 3232, 'QUE SE CHAMA AMOR', 'Como é que uma coisa assim machuca ta', 'BRA'),
(235, 'Grupo Pirraça', 3233, 'QUEM DE NÓS', 'Quantas vezes eu te perguntei...', 'BRA'),
(236, 'Simone', 3234, 'QUEM É VOCÊ', 'Quem será que me chega na toca da noite', 'BRA'),
(237, 'Roberto Carlos', 3235, 'QUERO QUE VÁ TUDO PRO INFERNO', 'De que vale o céu azul e o sol', 'BRA'),
(238, 'Olodum', 3236, 'REQUEBRA', 'Oh Requebra requebra requebra sim', 'BRA'),
(239, 'Demétrius', 3237, 'O RITMO DA CHUVA', 'Olho para a chuva que não quer cessar', 'BRA'),
(240, 'Mamonas Assassinas', 3238, 'ROBOCOP GAY', 'Um tanto quanto másculo', 'BRA'),
(241, 'Juan Luis Guerra', 3239, 'ROMANCE ROSA', 'Eu te dei uma rosa que...', 'BRA'),
(242, 'Elis Regina', 3240, 'ROMARIA', 'É de sonho e de pó o destino de um só', 'BRA'),
(243, 'Maria Bethânia', 3241, 'RONDA', 'De noite eu rondo a cidade', 'BRA'),
(244, 'Eduardo Araújo', 3242, 'RUA AUGUSTA', 'Entrei na Rua Augusta a cento e vinte', 'BRA'),
(245, 'Mamonas Assassinas', 3243, 'SABÃO CRÁ-CRÁ', 'Sabão crá-crá', 'BRA'),
(246, 'Emílio Santiago', 3244, 'SAIGON', 'Tantas palavras meias palavras', 'BRA'),
(247, 'Demônios da Garoa', 3245, 'SAMBA DO "ARNESTO"', 'Paiz paiz paiz... O Arnesto nos convidô', 'BRA'),
(248, 'Caetano Veloso', 3246, 'SAMPA', 'Alguma coisa acontece no meu coração', 'BRA'),
(249, 'Cristina Monteiro', 3247, 'SANTA MADRUGADA', 'Talvez um dia a gente possa se encontrar', 'BRA'),
(250, 'Hino do São Paulo', 3248, 'HINO DO SÃO PAULO', 'Salve o Tri-color paulista...', 'BRA'),
(251, 'Augusto César', 3249, 'SAUDADE', 'Estou lendo a carta que você...', 'BRA'),
(252, 'Zezé Di Camargo e Luciano', 3250, 'SAUDADE BANDIDA', 'Outra vez meu coração te procura', 'BRA'),
(253, 'Demônios da Garoa', 3251, 'SAUDOSA MALOCA', 'Se o senhô não tá lembrado', 'BRA'),
(254, 'Djavan', 3252, 'SE...', 'Você disse que não sabe se não', 'BRA'),
(255, 'Roupa Nova', 3253, 'SEGUINDO NO TREM AZUL', 'Confessar sem medo de mentir', 'BRA'),
(256, 'Legião Urbana', 3254, 'SERÁ', 'Tire suas mãos de mim...', 'BRA'),
(257, 'Lulu Santos', 3255, 'SEREIA', 'Clara como a luz do sol', 'BRA'),
(258, 'Pepeu Gomes', 3256, 'SEXY YEMANJÁ', 'A noite vai ter lua cheia', 'BRA'),
(259, 'Djavan', 3257, 'SINA', 'Pai e mãe ouro de mina', 'BRA'),
(260, 'Raça Negra', 3258, 'SÓ COM VOCÊ', 'Eu não quero mais fazer amor à toa', 'BRA'),
(261, 'Nana Caymmi', 3259, 'SÓ LOUCO', 'Só louco amou como eu amei', 'BRA'),
(262, 'Sá e Guarabyra', 3260, 'SOBRADINHO', 'O homem chega e já desfaz a natureza', 'BRA'),
(263, 'Ivan Lins', 3261, 'SOMOS TODOS IGUAIS NESTA NOITE', 'Somos todos iguais nesta noite...', 'BRA'),
(264, 'Leandro e Leonardo', 3262, 'SONHO POR SONHO', 'Nunca imaginei que você...', 'BRA'),
(265, 'Alcione', 3263, 'SUFOCO', 'Não sei se vou aturar esses abusos não sei se', 'BRA'),
(266, 'Emílio Santiago', 3264, 'TÁ TUDO ERRADO', 'Tá tudo errado entre nós o ...', 'BRA'),
(267, 'Elson', 3265, 'TALISMÃ', 'Sabe quanto tempo eu não te vejo', 'BRA'),
(268, 'Toquinho-Vinicius de Moraes', 3266, 'TARDE EM ITAPOÃ', 'Um velho calção de banho', 'BRA'),
(269, 'Legião Urbana', 3267, 'TEMPO PERDIDO', 'Todos os dias quando acordo...', 'BRA'),
(270, 'Biquini Cavadão', 3268, 'TIMIDEZ', 'Toda vez que te olho crio um romance', 'BRA'),
(271, 'Xuxa', 3269, 'TINDOLELÊ', 'Todo mundo tá feliz tá feliz', 'BRA'),
(272, 'Alcione', 3270, 'TÔ COM SAUDADE', 'Tô com saudade amor', 'BRA'),
(273, 'Netinho', 3271, 'TOTAL', 'Total que me importa se duvidas', 'BRA'),
(274, 'Milton Nascimento', 3272, 'TRAVESSIA', 'Quando você foi embora', 'BRA'),
(275, 'Demônios da Garoa', 3273, 'TREM DAS ONZE', 'Pá zai zai... Não posso ficar nem mais', 'BRA'),
(276, 'Guilherme Arantes', 3274, 'TRILHAS', 'Traços de nanquim não se...', 'BRA'),
(277, 'Elis Regina', 3275, 'TRISTE', 'Triste é viver na solidão', 'BRA'),
(278, 'Chico Buarque', 3276, 'TROCANDO EM MIÚDOS', 'Eu vou lhe deixar a medida do Bonfim', 'BRA'),
(279, 'Alceu Valença', 3277, 'TROPICANA (MORENA TROPICANA)', 'Da manga rosa quero o gosto e o sumo', 'BRA'),
(280, 'Lulu Santos', 3278, 'TUDO COM VOCÊ', 'Quero te conquistar um pouco mais e mais', 'BRA'),
(281, 'Lulu Santos', 3279, 'UM CERTO ALGUÉM', 'Quis evitar seus olhos mas não pude resistir', 'BRA'),
(282, 'Gal Costa', 3280, 'UM DIA DE DOMINGO', 'Eu preciso te falar te...', 'BRA'),
(283, 'Paralamas do Sucesso', 3281, 'UMA BRASILEIRA', 'Rodas em sol trovas em do', 'BRA'),
(284, 'Marina Lima', 3282, 'UMA NOITE E MEIA', 'Vem chegando o verão um calor no coração', 'BRA'),
(285, 'Trem da Alegria', 3283, 'UNI, DUNI, TÊ', 'Eu quis saber da minha estrela guia', 'BRA'),
(286, 'Taiguara', 3284, 'UNIVERSO NO TEU CORPO', 'Eu desisto não existe essa manhã', 'BRA'),
(287, 'Art Popular', 3285, 'VALEU DEMAIS', 'Ai valeu demais valeu valeu demais', 'BRA'),
(288, 'Erasmo Carlos', 3286, 'VEM QUENTE QUE EU ESTOU FERVENDO', 'Se você quer brigar ...', 'BRA'),
(289, 'Biquini Cavadão', 3287, 'VENTO E VENTANIA', 'Vento e ventania me leve', 'BRA'),
(290, 'Fábio Jr.', 3288, 'VINTE E POUCOS ANOS', 'Você já sabe me conhece', 'BRA'),
(291, 'Mamonas Assassinas', 3289, 'VIRA VIRA', 'Fui convidado pra uma tal suruba', 'BRA'),
(292, 'Ivan Lins', 3290, 'VITORIOSA', 'Quero sua risada mais gostosa...', 'BRA'),
(293, 'Emílio Santiago', 3291, 'VOCÊ', 'Você manhã de todo meu você', 'BRA'),
(294, 'Caetano Veloso', 3292, 'VOCÊ É LINDA', 'Fonte de mel nos olhos de gueixa', 'BRA'),
(295, 'Blitz', 3293, 'VOCÊ NÃO SOUBE ME AMAR', 'Sabe essas noites que cê sai caminhando', 'BRA'),
(296, 'Zezé Di Camargo e Luciano', 3294, 'VOCÊ VAI VER', 'Você pode encontrar muitos amores', 'BRA'),
(297, 'Eliana de Lima', 3295, 'VOLTA PRA ELA', 'Quando você chegou em mim', 'BRA'),
(298, 'Beth Carvalho', 3296, 'VOU FESTEJAR', 'Chora não vou ligar não vou ligar', 'BRA'),
(299, 'Jorge Benjor', 3297, 'W BRASIL (CHAMA O SÍNDICO)', 'Alô alô W Brasil...Alô alô...', 'BRA'),
(300, 'Tom Jobim', 3298, 'WAVE', 'Vou te contar', 'BRA'),
(301, 'Blitz', 3299, 'WEEKEND', 'Alô alô ativo ouvinte', 'BRA'),
(302, 'Roupa Nova', 3300, 'WHISKY A GO-GO', 'Foi numa festa gelo e cuba libre', 'BRA'),
(303, 'Marina Lima', 3301, 'A FRANCESA', 'Meu amor se você for embora', 'BRA'),
(304, 'Beth Carvalho', 3302, 'ANDANÇA', 'Vim tanta areia, andei', 'BRA'),
(305, 'Chitãozinho e Xororó', 3303, 'ATÉ VOCÊ VOLTAR', 'Eu hoje perguntei para o meu coração', 'BRA'),
(306, 'Mamonas Assassinas', 3304, 'BOIS DON''T CRY', 'Ser corno ou não ser', 'BRA'),
(307, 'Super Feliz', 3305, 'BOLA PRA FRENTE', 'Vitória bola pra frente', 'BRA'),
(308, 'Art Popular', 3306, 'BOM BOCADO', 'Ai ai ai... Oh oh oh... Como um bom bocado', 'BRA'),
(309, 'Fagner', 3307, 'BORBULHAS DE AMOR (TENHO UM CORAÇÃO)', 'Tenho um coração dividido entre a', 'BRA'),
(310, 'Sandra de Sá', 3308, 'BYE BYE TRISTEZA', 'Ninguém aqui é puro anjo ou demônio', 'BRA'),
(311, 'Roberto Carlos', 3309, 'CAFÉ DA MANHÃ', 'Amanhã de manhã vou pedir um café', 'BRA'),
(312, 'Léo Canhoto e Robertinho', 3310, 'CAIU O PALCO', 'Fui convidado pra cantar num baile', 'BRA'),
(313, 'Leny Andrade', 3311, 'CHORA TUA TRISTEZA', 'Chora que a tristeza foge do teu olhar', 'BRA'),
(314, 'Cazuza', 3312, 'CODINOME BEIJA FLOR', 'Pra que mentir fingir que perdoou tentar', 'BRA'),
(315, 'Roupa Nova', 3313, 'COMEÇO, MEIO E FIM', 'A vida tem sons que pra gente ouvir', 'BRA'),
(316, 'Roberto Carlos', 3314, 'COMO É GRANDE O MEU AMOR POR VOCÊ', 'Eu tenho tanto pra lhe falar mas com', 'BRA'),
(317, 'Roberto Carlos', 3315, 'CORAÇÃO', 'Com o coração na voz e o grito mais', 'BRA'),
(318, 'Zezé Di Camargo e Luciano', 3316, 'CORAÇÃO NA CONTRA MÃO', 'Te procurei pela casa dei de cara comigo', 'BRA'),
(319, 'Sensação', 3317, 'CORAL DE ANJOS', 'Um coral de anjos cantou', 'BRA'),
(320, 'Katinguelê', 3318, 'CORPO LÚCIDO', 'Como é difícil entender por...', 'BRA'),
(321, 'Xuxa', 3319, 'DANÇA DA XUXA', 'Inventei uma dança nova', 'BRA'),
(322, 'Elba Ramalho', 3320, 'DE VOLTA PRO ACONCHEGO', 'Estou de volta pro meu aconchego', 'BRA'),
(323, 'Molejo', 3321, 'DOIDINHA POR MEU SAMBA', 'Alá lá le le... Doidinha por meu samba ''cê joga', 'BRA'),
(324, 'Só Pra Contrariar', 3322, 'É BOM DEMAIS', 'Não larga do meu pé me chama de meu', 'BRA'),
(325, 'Legião Urbana', 3323, 'EDUARDO E MÔNICA', 'Quem um dia irá dizer que...', 'BRA'),
(326, 'Grupo Sampa', 3324, 'EU AMO VOCÊ', 'Os dias se passam não sou...', 'BRA'),
(327, 'Grupo Sampa', 3325, 'FLAGRANTE', 'Lá se vão meus anéis vão com...', 'BRA'),
(328, 'Chitãozinho e Xororó', 3326, 'FOGE DE MIM', 'Eu conto com você', 'BRA'),
(329, 'Raul Seixas', 3327, 'GITA', 'Eu que já andei pelos quatro cantos do mundo', 'BRA'),
(330, 'Djavan', 3328, 'LILÁS', 'Amanhã outro dia', 'BRA'),
(331, 'Tom Jobim', 3329, 'LUÍZA', 'Rua espada nua', 'BRA'),
(332, 'Jair Rodrigues', 3330, 'MAJESTADE O SABIÁ', 'Meus pensamentos tomam...', 'BRA'),
(333, 'Roberta Miranda', 3331, 'MEU DENGO', 'Vem cá meu dengo ai ai ai ai ai', 'BRA'),
(334, 'Martinho da Vila', 3332, 'MULHERES', 'Já tive mulheres de todas as cores', 'BRA'),
(335, 'Daniela Mercury', 3333, 'MÚSICA DE RUA', 'Alegria agora agora e amanhã', 'BRA'),
(336, 'Gal Costa', 3334, 'NADA MAIS', 'Sinto quando alguém te...', 'BRA'),
(337, 'Leandro e Leonardo', 3335, 'NÃO OLHE ASSIM', 'Tire seus olhos dos meus...', 'BRA'),
(338, 'Roberto Carlos', 3336, 'O PROGRESSO', 'Eu queria poder afagar', 'BRA'),
(339, 'Cidade Negra', 3337, 'ONDE VOCÊ MORA?', 'Amor igual ao teu eu nunca mais terei', 'BRA'),
(340, 'Roberto Carlos', 3338, 'OS SEUS BOTÕES', 'Os botões da blusa', 'BRA'),
(341, 'Luiz Vieira', 3339, 'PAZ DO MEU AMOR', 'Você é isso uma beleza imensa', 'BRA'),
(342, 'Mano a Mano', 3340, 'PEDINDO AMOR', 'Mais uma noite não pude te esquecer um só', 'BRA'),
(343, 'Cristina Monteiro', 3341, 'PEDRA FALSA', 'Deixa de bobagem...', 'BRA'),
(344, 'Xuxa', 3342, 'PIPOCA', 'Pipoca ah!', 'BRA'),
(345, 'Só Pra Contrariar', 3343, 'PRIMEIRO AMOR', 'É na escola da vida que a gente apre', 'BRA'),
(346, 'Roberta Miranda', 3344, 'SÃO TANTAS COISAS', 'São tantas coisas só nós sabemos', 'BRA'),
(347, 'Daniela Mercury', 3345, 'SÓ PRA TE MOSTRAR', 'Não quero nada que não venha', 'BRA'),
(348, 'Grupo Raça', 3346, 'TÔ LEGAL', 'Não faz mal se o sonho...', 'BRA'),
(349, 'Katinguelê', 3347, 'UM DOCE SABOR', 'Como definir seu beijo uma...', 'BRA'),
(350, 'Inimigos do Rei', 3348, 'UMA BARATA CHAMADA KAFKA', 'Encontrei uma barata na...', 'BRA'),
(351, 'Art Popular', 3349, 'UTOPIA', 'Pra se dizer que a emoção', 'BRA'),
(352, 'Daniela Mercury', 3350, 'VOCÊ NÃO ENTENDE NADA', 'Quando eu chego em casa', 'BRA'),
(353, 'Engenheiros do Hawaí', 3351, 'A PROMESSA', 'Não vejo nada e o que eu vejo', 'BRA'),
(354, 'Cidade Negra', 3352, 'A SOMBRA DA MALDADE', 'Eu sei que ela nunca mais apareceu', 'BRA'),
(355, 'Fábio Jr.', 3353, 'AMARRADOS', 'Nós estamos amarrados um ao outro', 'BRA'),
(356, 'Banda Bach', 3354, 'ATÉ DE MANHÃ', 'Amor aquilo foi demais pra mim', 'BRA'),
(357, 'Daniela Mercury', 3355, 'BATUQUE', 'Tá no batuque que balança...', 'BRA'),
(358, 'Zeca Pagodinho', 3356, 'CADA UM NO SEU CADA UM', 'Cada um na sua onda', 'BRA'),
(359, 'Gal Costa', 3357, 'CHUVA DE PRATA', 'Se tem luar no céu...', 'BRA'),
(360, 'Sampa Crew', 3358, 'CORAÇÃO TE ACALMA', 'Quantas vezes eu te disse coração', 'BRA'),
(361, 'Banda Mel', 3359, 'CRENÇA E FÉ', 'Vou dar a volta no mundo', 'BRA'),
(362, 'Roberta Miranda', 3360, 'DÓI', 'Dói sentir que o nosso amor', 'BRA'),
(363, 'Fagner', 3361, 'ENDOIDECEU', 'Você endoideceu meu coração', 'BRA'),
(364, 'João Paulo e Daniel', 3362, 'ESTOU APAIXONADO', 'Uh... la la iê ôh... Quero beber...', 'BRA'),
(365, 'Fábio Jr.', 3363, 'EU NUNCA ESTIVE TÃO APAIXONADO', 'O que eu puder eu vou fazer', 'BRA'),
(366, 'Cazuza', 3364, 'IDEOLOGIA', 'Meu partido é um coração partido', 'BRA'),
(367, 'Cascatinha e Inhana', 3365, 'ÍNDIA', 'Índia seus cabelos nos ombros caindo', 'BRA'),
(368, 'Simone', 3366, 'IOLANDA', 'Esta canção não é mais que mais uma', 'BRA'),
(369, 'Xuxa', 3367, 'LUA DE CRISTAL', 'Tudo pode ser se quiser...', 'BRA'),
(370, 'Carlos Oliva e Los Sobrinos', 3368, 'MACARENA', 'Dale a tu cuerpo alegria Macarena', 'ESP'),
(371, 'Preto no Branco', 3369, 'MARAVILHOSA', 'Estou sabendo que o seu caso de amor', 'BRA'),
(372, 'Sandy e Júnior', 3370, 'MARIA CHIQUINHA', 'Que cô cê foi fazê no mato Maria Chiquinha', 'BRA'),
(373, 'Banda Eva', 3371, 'ME ABRAÇA', 'Quando você passa eu sinto o seu cheiro', 'BRA'),
(374, 'Chiclete com Banana', 3372, 'ME PEGUE SE QUISER', 'Me pegue se quiser e leve se puder ôh', 'BRA'),
(375, 'Só Pra Contrariar', 3373, 'MEU JEITO DE SER', 'Era só dizer pra mim...', 'BRA'),
(376, 'Elza Soares', 3374, 'MULATA ASSANHADA', 'O mulata assanhada ...', 'BRA'),
(377, 'Companhia do Pagode', 3375, 'NA BOQUINHA DA GARRAFA', 'No samba ela me diz que rala', 'BRA'),
(378, 'Katinguelê', 3376, 'NO COMPASSO DO CRIADOR', 'Ao teu lado sou criança nosso...', 'BRA'),
(379, 'Cazuza', 3377, 'O NOSSO AMOR A GENTE INVENTA', 'O teu amor é uma mentira', 'BRA'),
(380, 'Fábio Jr.', 3378, 'O QUE É QUE HÁ', 'O que é que há?', 'BRA'),
(381, 'Skank', 3379, 'PACATO CIDADÃO', 'Ôh pacato cidadão eu te chamei a atenção', 'BRA'),
(382, 'Fábio Jr.', 3380, 'PAI', 'Pai, pode ser que daqui a algum tempo', 'BRA'),
(383, 'Gera Samba', 3381, 'PAQUEREI', 'É o novo som de Salvador é o...', 'BRA'),
(384, 'Simony-Alexandre', 3382, 'PELO MENOS UMA VEZ', 'Descansei a dor no azul do mar', 'BRA'),
(385, 'Banda Mel', 3383, 'PREFIXO DE VERÃO', 'Aê aê...ei ei... Quando você chegar quando', 'BRA'),
(386, 'Cidade Negra', 3384, 'QUEREM MEU SANGUE', 'Dizem que guardam bom lugar', 'BRA'),
(387, 'Fernanda Abreu', 3385, 'BABILÔNIA ROCK', 'Ha ha ei ei... Rio Babilônia ou... Você vai cair', 'BRA'),
(388, 'Zezé Di Camargo e Luciano', 3386, 'SALVA MEU CORAÇÃO', 'Sou louco pelo mel da sua boca', 'BRA'),
(389, 'Zeca Pagodinho', 3387, 'SAMBA PRA MOÇAS', 'Incandiá incandiou eu vim pro samba', 'BRA'),
(390, 'Eliana de Lima', 3388, 'SAUDADE DANADA', 'Como dói a solidão preciso ...', 'BRA'),
(391, 'Ara Ketu', 3389, 'SEMPRE SERÁ', 'Gosto de ficar te olhando', 'BRA'),
(392, 'Adryana Ribeiro-Luiz Carlos', 3390, 'SEMPRE SOU EU', 'É... mais uma vez estou chorando', 'BRA'),
(393, 'Maria Bethânia', 3391, 'SONHO MEU', 'Sonho meu sonho meu', 'BRA'),
(394, 'Só Pra Contrariar', 3392, 'TÃO SÓ', 'Eu fiquei sozinho mais uma noite sem', 'BRA'),
(395, 'Skank', 3393, 'TE VER', 'Te ver e não te querer', 'BRA'),
(396, 'Hanói Hanói', 3394, 'TOTALMENTE DEMAIS', 'Linda como um neném...', 'BRA'),
(397, 'Chitãozinho e Xororó', 3395, 'UM HOMEM QUANDO AMA', 'Amigo, se você ama não tenha medo', 'BRA'),
(398, 'Roberta Miranda', 3396, 'VÁ COM DEUS', 'A cada dia que se passa', 'BRA'),
(399, 'Fernanda Abreu', 3397, 'VENENO DA LATA', 'Mil novecentos e noventa e ...', 'BRA'),
(400, 'Sampa Crew', 3398, 'VERDADEIRA PAIXÃO', 'Eu vou além de mim sem nada temer', 'BRA'),
(401, 'Um Toque a Mais', 3399, 'VIDA BANDIDA', 'Vida bandida que me traz tristeza', 'BRA'),
(402, 'Muleke Travesso', 3400, 'VOCÊ EM MIM', 'Hoje eu me encontro na solidão', 'BRA'),
(403, 'Engenheiros do Hawaí', 3401, 'A PERIGO', 'Planos de vôo Tava tudo em', 'BRA'),
(404, 'Jorge Benjor', 3402, 'ALCOHOL', 'O Mago mandou avisar...', 'BRA'),
(405, 'Roberto Carlos', 3403, 'AMIGO', 'Você meu amigo de fé meu irmão camarada', 'BRA'),
(406, 'Gian e Giovani', 3404, 'AMOR DEMAIS', 'Deixa preparado nosso...', 'BRA'),
(407, 'Roupa Nova', 3405, 'ANJO', 'Se você vê estrelas demais', 'BRA'),
(408, 'Toquinho', 3406, 'AQUARELA', 'Numa folha qualquer eu desenho um sol', 'BRA'),
(409, 'Beto Barbosa', 3407, 'EMBALO TRILEGAL', 'Eu vou mostrar pra você como se dança', 'BRA'),
(410, 'Metrô', 3408, 'BEAT ACELERADO', 'Minha mãe me falou que eu preciso', 'BRA'),
(411, 'Martinho da Vila', 3409, 'CANTA, CANTA MINHA GENTE', 'Canta, canta minha gente', 'BRA'),
(412, 'Leandro e Leonardo', 3410, 'CASA SEPARA', 'Eu quero te amar sem...', 'BRA'),
(413, 'Negritude Júnior', 3411, 'COHAB CITY-VEM PRA CÁ', 'Tô chegando na Cohab pra...', 'BRA'),
(414, 'Banda Brasil', 3412, 'COMO DÓI', 'Se eu estou sofrendo é por...', 'BRA'),
(415, 'Elba Ramalho', 3413, 'CORAÇÃO DA GENTE', 'Morena que dança num mar de alegria', 'BRA'),
(416, 'Chitãozinho e Xororó', 3414, 'CORAÇÃO SERTANEJO', 'Andei, andei, andei, até encontrar', 'BRA'),
(417, 'Gian e Giovani', 3415, 'DEPOIS DO ADEUS', 'O que é que eu vou fazer de...', 'BRA'),
(418, 'Do Jeito Que Eu Gosto', 3416, 'DO JEITO QUE EU GOSTO', 'Lá laiá lá... Foi bom te encontrar', 'BRA'),
(419, 'Tim Maia', 3417, 'DO LEME AO PONTAL', 'Do Leme ao pontal não há nada igual', 'BRA'),
(420, 'Gian e Giovani', 3418, 'DÓI', 'Dói dói demais em mim eu te...', 'BRA'),
(421, 'Beto Barbosa', 3419, 'DONA', 'É amor e prazer uma louca paixão', 'BRA'),
(422, 'Leandro e Leonardo', 3420, 'ENTRE TAPAS E BEIJOS', 'Perguntaram pra mim se ainda...', 'BRA'),
(423, 'Chrystian e Ralf', 3421, 'ESSE AMOR QUE ME MATA', 'Tô sozinho e você tão longe', 'BRA'),
(424, 'Leandro e Leonardo', 3422, 'ESTA NOITE FOI MARAVILHOSA', 'A noite vem vindo estrelas...', 'BRA'),
(425, 'Tiririca', 3423, 'EU SOU CHIFRUDO', 'Essa música eu quero oferecer para os', 'BRA'),
(426, 'Sempre Livre', 3424, 'EU SOU FREE', 'Só estudei em escola experimental', 'BRA'),
(427, 'Rádio Táxi', 3425, 'EVA', 'Meu amor olha só hoje o sol não apareceu', 'BRA'),
(428, 'Ginga Pura', 3426, 'FRUTO DOS DEUSES', 'Você é meu favo de mel...', 'BRA'),
(429, 'Hino do Palmeiras', 3427, 'HINO DO PALMEIRAS', 'Quando surge o alvi verde...', 'BRA'),
(430, 'Só Pra Contrariar', 3428, 'LINDA', 'É uma coisa sem explicação', 'BRA'),
(431, 'Angélica', 3429, 'MAGIA', 'Sol de verão queimando no meu corpo', 'BRA'),
(432, 'Leandro e Leonardo', 3430, 'MAIS UMA NOITE SEM VOCÊ', 'Mais uma noite sem você...', 'BRA'),
(433, 'Grafite', 3431, 'MAMMA MARIA', 'Fim de semana você me liga...', 'BRA'),
(434, 'Elis Regina', 3432, 'ME DEIXAS LOUCA', 'Quando caminho pela rua lado à lado', 'BRA'),
(435, 'Gian e Giovani', 3433, 'MEDO', 'Bandida solidão vou te...', 'BRA'),
(436, 'Ritchie', 3434, 'MENINA VENENO', 'Meia noite no meu quarto', 'BRA'),
(437, 'Gian e Giovani', 3435, 'NOSSA SENHORA DE APARECIDA', 'Eu tenho fé... Que dessa vez...', 'BRA'),
(438, 'Nenhum de Nós', 3436, 'O ASTRONAUTA DE MÁRMORE', 'A lua inteira agora é um...', 'BRA'),
(439, 'Zezé Di Camargo e Luciano', 3437, 'O QUE É QUE A GENTE NÃO FAZ POR AMOR', 'Ela já chega bem cedo...', 'BRA'),
(440, 'Gian e Giovani', 3438, 'OLHA AMOR', 'Olha amor Tô morrendo de...', 'BRA'),
(441, 'Katinguelê', 3439, 'PEDINDO BIS', 'Meu bem meu coração está...', 'BRA'),
(442, 'Ritchie', 3440, 'PELO INTERFONE', 'Chamo por você ninguém atende', 'BRA'),
(443, 'Leandro e Leonardo', 3441, 'PENSE EM MIM', 'Em vez de você ficar pensando...', 'BRA'),
(444, 'Daniel', 3442, 'POR QUE FUI TE AMAR ASSIM', 'Sei que te perdi dessa vez...', 'BRA'),
(445, 'Netinho', 3443, 'PRECISO DE VOCÊ', 'Fui atrás do que restou...', 'BRA'),
(446, 'Blitz', 3444, 'QUEM TEM PÕE', 'Eu moro longe não tenho carro', 'BRA'),
(447, 'Netinho', 3445, 'RAINHA DO BAILE', 'Quem és tú rainha do baile?', 'BRA'),
(448, 'Metrô', 3446, 'SÂNDALO DE DÂNDI', 'Beijo os teus lábios desejo te amar', 'BRA'),
(449, 'Dr. Silvana e Cia', 3447, 'SERÃO EXTRA', 'New Iguaçu três e meia da madrugada', 'BRA'),
(450, 'Gian e Giovani', 3448, 'TE AMO MENINA', 'Teus olhos menina têm raios...', 'BRA'),
(451, 'Leandro e Leonardo', 3449, 'TEMPORAL DE AMOR', 'Chuva no telhado, vento no...', 'BRA'),
(452, 'Gian e Giovani', 3450, 'UM DOIS TRÊS', 'De uma cachaça boa não abro...', 'BRA'),
(453, 'Daniela Mercury', 3451, 'A PRIMEIRA VISTA', 'Quando não tinha nada eu...', 'BRA'),
(454, 'Léo Jaime', 3452, 'A VIDA NÃO PRESTA', 'Você vai de carro pra escola e eu só vou a pé', 'BRA'),
(455, 'Nelson Gonçalves', 3453, 'A VOLTA DO BOÊMIO', 'Boemia aqui me tens de...', 'BRA'),
(456, 'Balão Mágico (A turma do)', 3454, 'AMIGOS DO PEITO', 'Meu nome é Mike gosto muito de brincar', 'BRA'),
(457, 'Chico Buarque', 3455, 'APESAR DE VOCÊ', 'Amanhã vai ser outro dia', 'BRA'),
(458, 'Timbalada', 3456, 'BEIJA FLOR', 'Eu fui embora meu amor chorou', 'BRA'),
(459, 'Beto Barbosa', 3457, 'BEIJINHO NA BOCA', 'Beijinho na boca gostoso doce mel', 'BRA'),
(460, 'Leila Pinheiro', 3458, 'BESAME', 'A orquestra já nos chamou...', 'BRA'),
(461, 'Maria Bethânia', 3459, 'BRINCAR DE VIVER', 'Quem me chamou quem vai querer voltar pro', 'BRA'),
(462, 'Pirilampo e Saracura', 3460, 'CABECINHA NO OMBRO', 'Encosta tua cabecinha no meu ombro e', 'BRA'),
(463, 'Raça Negra', 3461, 'CAROLINE', 'Você veio pra me fazer feliz', 'BRA'),
(464, 'Lulu Santos', 3462, 'CASA', 'Primeiro era vertigem como em qualquer', 'BRA'),
(465, 'Raça Negra', 3463, 'CIGANA', 'Não deixe o tempo acabar com o nosso', 'BRA'),
(466, 'Ultraje a Rigor', 3464, 'CIÚME', 'Oh oh oh oh... Eu quero levar uma vida', 'BRA'),
(467, 'Banda Eva', 3465, 'COLEÇÃO', 'Sei que você gosta de brincar de amor', 'BRA'),
(468, 'Eliana de Lima', 3466, 'DESEJO DE AMAR', 'Foi sem querer que derramei toda emoção', 'BRA'),
(469, 'Negritude Júnior', 3467, 'É DEMAIS', 'Gosto muito de você não...', 'BRA'),
(470, 'Jorge Benjor', 3468, 'ENGENHO DE DENTRO', 'Olhaí meu bem prudência e...', 'BRA'),
(471, 'Leandro e Leonardo', 3469, 'EU JURO', 'Eu vejo a luz do teu olhar...', 'BRA'),
(472, 'Marina Lima', 3470, 'EU NÃO SEI DANÇAR', 'Às vezes eu quero chorar mas o dia nasce', 'BRA'),
(473, 'Elis Regina', 3471, 'FASCINAÇÃO', 'Os sonhos mais lindos sonhei', 'BRA'),
(474, 'Skank', 3472, 'GAROTA NACIONAL', 'Aqui nesse mundinho fechado', 'BRA'),
(475, 'Oswaldo Montenegro', 3473, 'LUA E FLOR', 'Eu amava como amava um cantor', 'BRA'),
(476, 'Ultraje a Rigor', 3474, 'MARYLOU', 'Eu tinha uma galinha que se chamava', 'BRA'),
(477, 'Sampa Crew', 3475, 'MESMO ASSIM', 'Foram tantas coisas boas', 'BRA'),
(478, 'João Paulo e Daniel', 3476, 'MINHA ESTRELA PERDIDA', 'Você vai rir quando eu pedir...', 'BRA'),
(479, 'Lulu Santos', 3477, 'MINHA VIDA', 'Quando eu era pequeno eu achava a vida', 'BRA'),
(480, 'Kid Abelha', 3478, 'NA RUA, NA CHUVA, NA FAZENDA', 'Não estou disposto a...', 'BRA'),
(481, 'Chitãozinho e Xororó', 3479, 'NASCEMOS PRA CANTAR', 'O grande Mestre do céu o nosso criador', 'BRA'),
(482, 'Rosana', 3480, 'NEM UM TOQUE', 'Tanta coisa pra dizer e a gente nem se', 'BRA'),
(483, 'Daniela Mercury', 3481, 'O MAIS BELO DOS BELOS', 'Quem é que sobe a ladeira do Curuzu?', 'BRA'),
(484, 'Raça Negra', 3482, 'O QUE EU FAÇO SEM VOCÊ', 'O que eu faço sem você', 'BRA'),
(485, 'Grupo Raça', 3483, 'O TEU CHAMEGO', 'Na vida se promete mais...', 'BRA'),
(486, 'Cristina Monteiro', 3484, 'OMBRO AMIGO', 'Você apareceu ferido...', 'BRA'),
(487, 'Beto Barbosa', 3485, 'PRETA', 'Preta fala pra mim', 'BRA'),
(488, 'Xuxa e José Augusto', 3486, 'QUERER É PODER', 'Eu posso ir onde eu quiser', 'BRA'),
(489, 'Katinguelê', 3487, 'RECADO À MINHA AMADA', 'Lua vai iluminar os...', 'BRA'),
(490, 'Engenheiros do Hawaí', 3488, 'REFRÃO DE BOLERO', 'Eu que falei "Nem pensar..."', 'BRA'),
(491, 'Orquestra da Terra', 3489, 'REI DO GADO', 'Sou desse chão onde o rei...', 'BRA'),
(492, 'Wando', 3490, 'SAFADA', 'Eu te quero assim', 'BRA'),
(493, 'Raça Negra', 3491, 'SEU AMOR JÁ TERMINOU', 'Seu amor já terminou você já nem liga', 'BRA'),
(494, 'Vinícius Cantuária', 3492, 'SÓ VOCÊ', 'Demorei muito pra te encontrar', 'BRA'),
(495, 'Beto Guedes', 3493, 'SOL DE PRIMAVERA', 'Quando entrar setembro', 'BRA'),
(496, 'Raça Negra', 3494, 'SOZINHO', 'Todo aquele sonho que sonhei', 'BRA'),
(497, 'Raça Negra', 3495, 'TE QUERO COMIGO', 'Não dá pra ficar sem você', 'BRA'),
(498, 'Maurício Mattar', 3496, 'TEU CAFUNÉ', 'Amor me espere daqui a pouco eu vou', 'BRA'),
(499, 'Lulu Santos', 3497, 'TUDO BEM', 'Mas o teu amor me cura', 'BRA'),
(500, 'NELSON NED', 3498, 'TUDO PASSARÁ', 'Eu te dei meu amor', 'BRA'),
(501, 'Lulu Santos', 3499, 'UM PRO OUTRO', 'Foi bom te ver de novo aqui', 'BRA'),
(502, 'Emílio Santiago', 3500, 'VERDADE CHINESA', 'Era só isso que eu queria da vida', 'BRA'),
(503, 'Gera Samba', 3501, 'A DANÇA DO BUMBUM', 'Conheci uma menina que veio do sul', 'BRA'),
(504, 'Roupa Nova', 3502, 'A FORÇA DO AMOR', 'Abriu minha visão no jeito do amor', 'BRA'),
(505, 'Dolores Duran', 3503, 'A NOITE DO MEU BEM', 'Hoje eu quero a rosa mais linda que houver e a', 'BRA'),
(506, 'Lulu Santos', 3504, 'ADIVINHE O QUE?', 'Ainda lembro aquela noite', 'BRA'),
(507, 'Zé Ramalho', 3505, 'ADMIRÁVEL GADO NOVO', 'Vocês que fazem parte dessa massa', 'BRA'),
(508, 'Fafá de Belém', 3506, 'ÁGUAS PASSADAS', 'Eu sempre disse a mim mesma', 'BRA'),
(509, 'Erva Doce', 3507, 'AMANTE PROFISSIONAL', 'Moreno alto bonito e sensual', 'BRA'),
(510, 'Lulu Santos', 3508, 'AVISO AOS NAVEGANTES', 'Se existe alguém na linha', 'BRA'),
(511, 'Rita Lee', 3509, 'BAILA COMIGO', 'Baila comigo', 'BRA'),
(512, 'Chitãozinho e Xororó', 3510, 'BAILÃO DE PEÃO', 'É bailão, é rodeio festa de peão', 'BRA'),
(513, 'Barão Vermelho', 3511, 'BETE BALANÇO', 'Pode seguir a tua estrela', 'BRA'),
(514, 'Cravo e Canela', 3512, 'COISA BOA DEMAIS', 'Ai que coisa boa', 'BRA'),
(515, 'Guilherme Arantes', 3513, 'COISAS DO BRASIL', 'Foi tão bom te conhecer...', 'BRA'),
(516, 'Roupa Nova', 3514, 'CRISTINA', 'Sua boca na minha', 'BRA'),
(517, 'Roupa Nova', 3515, 'DE VOLTA PRO FUTURO', 'Sou o mesmo que te amou', 'BRA'),
(518, 'Grupo Tempero', 3516, 'DEIXA EU TE QUERER', 'Bate triste o coração, sem...', 'BRA'),
(519, 'Fagner', 3517, 'DESLIZES', 'Não sei por que insisto tanto em te querer', 'BRA'),
(520, 'Kid Abelha', 3518, 'DEUS (APAREÇA NA TELEVISÃO)', 'Ah ah ah... Se Ele é Deus e...', 'BRA'),
(521, 'Leandro e Leonardo', 3519, 'DOCE MISTÉRIO', 'Eu não sei de onde vem...', 'BRA'),
(522, 'Clara Nunes', 3520, 'Ê BAIANA', 'Ê baiana ê ê ê baiana baianinha', 'BRA'),
(523, 'Roberta Miranda', 3521, 'EU TE AMO, TE AMO, TE AMO', 'Tanto tempo longe de você', 'BRA'),
(524, 'Leandro e Leonardo', 3522, 'FESTA DE RODEIO', 'Em festa de rodeio não dá...', 'BRA'),
(525, 'Tiririca', 3523, 'FLORENTINA', 'Essa música eu tava cantando aí', 'BRA'),
(526, 'Kid Abelha', 3524, 'GRAND'' HOTEL', 'Se a gente não tivesse feito...', 'BRA'),
(527, 'Leci Brandão', 3525, 'ISSO É FUNDO DE QUINTAL', 'O que é isso meu amor...', 'BRA'),
(528, 'Paralamas do Sucesso', 3526, 'LANTERNA DOS AFOGADOS', 'Quando tá escuro e ninguém te ouve', 'BRA'),
(529, 'Roupa Nova', 3527, 'LINDA DEMAIS', 'Linda só você me fascina', 'BRA'),
(530, 'Tim Maia', 3528, 'ME DÊ MOTIVO', 'É engraçado às vezes a gente sente', 'BRA'),
(531, 'Flor de Cheiro', 3529, 'MENINO LINDO', 'Menino lindo eu preciso do ...', 'BRA'),
(532, 'Só Pra Contrariar', 3530, 'NUNCA MAIS TE MACHUCAR', 'Dói demais saber que eu errei e não poder', 'BRA'),
(533, 'Só Pra Contrariar', 3531, 'O AMOR VOCÊ E EU', 'Se olhar nos meus olhos', 'BRA'),
(534, 'Paralamas do Sucesso', 3532, 'O BECO', 'No beco escuro explode a violência', 'BRA'),
(535, 'Só Pra Contrariar', 3533, 'OUT DOOR', 'Já coloquei num out door e em todos o', 'BRA'),
(536, 'Cidade Negra', 3534, 'PENSAMENTO', 'Você precisa saber o que passa aqui', 'BRA'),
(537, 'Art Popular', 3535, 'PIMPOLHO', 'Pimpolho é um cara bem legal', 'BRA'),
(538, 'Clara Nunes', 3536, 'PORTELA NA AVENIDA', 'Portela eu nunca vi coisa mais bela', 'BRA'),
(539, 'Raça Negra', 3537, 'PRECISO TER ALGUÉM', 'De novo a solidão bateu, eu vou chora', 'BRA'),
(540, 'Simony', 3538, 'QUANDO TE VI', 'Nem o sol, nem o mar', 'BRA'),
(541, 'Zezé Di Camargo e Luciano', 3539, 'SEM MEDO DE SER FELIZ', 'Tira essa paixão da cabeça', 'BRA'),
(542, 'Altemar Dutra', 3540, 'SENTIMENTAL DEMAIS', 'Sentimental eu sou ...', 'BRA'),
(543, 'Grupo Malícia', 3541, 'SENTINELA', 'Na janela do meu quarto...', 'BRA'),
(544, 'Katinguelê', 3542, 'SÓ PEDINDO BIS', 'Não vejo a hora e o momento...', 'BRA'),
(545, 'Só Pra Contrariar', 3543, 'TE AMAR SEM MEDO', 'Tá difícil esconder a paixão...', 'BRA'),
(546, 'Art Popular', 3544, 'TEMPORAL', 'Faz tempo que a gente não...', 'BRA'),
(547, 'Negritude Júnior', 3545, 'TIC-TIC-TAC', 'Bate forte o tambor...', 'BRA'),
(548, 'Só Pra Contrariar', 3546, 'TRIBUTO AOS MAMONAS', 'Apesar do pouco tempo que eu fico no', 'BRA'),
(549, 'Márcia Freire', 3547, 'VERMELHO', 'A cor do meu batuque', 'BRA'),
(550, 'Chitãozinho e Xororó', 3548, 'VEZ EM QUANDO VEM ME VER', 'Não toque em meus cabelos', 'BRA'),
(551, 'Antônio Carlos e Jocafi', 3549, 'VOCÊ ABUSOU', 'Você abusou tirou partido de mim abusou', 'BRA'),
(552, 'Roupa Nova', 3550, 'VOLTA PRA MIM', 'Amanheci sozinho na cama, um vazio', 'BRA'),
(553, 'Chitãozinho e Xororó', 3551, '60 DIAS APAIXONADO', 'Viajando pra Mato Grosso', 'BRA'),
(554, 'Gera Samba', 3552, 'A DANÇA DA CORDINHA', 'Passa negão, passa loirinha', 'BRA'),
(555, 'Roupa Nova', 3553, 'AMAR É...', 'Amar... é quando não dá mais pra disfar', 'BRA'),
(556, 'Marisa Monte', 3554, 'BALANÇA PEMA', 'Don don din... Balança a pema balança sem', 'BRA'),
(557, 'Elba Ramalho', 3555, 'BANHO DE CHEIRO', 'Eu quero um banho de cheiro', 'BRA'),
(558, 'Sérgio Reis', 3556, 'CAVALO PRETO', 'Tenho um cavalo preto por nome de "Ventania', 'BRA'),
(559, 'Sérgio Reis', 3557, 'CHICO MINEIRO', 'Fizemos a última viagem', 'BRA'),
(560, 'Zezé Di Camargo e Luciano', 3558, 'COMO UM ANJO', 'Como um anjo você apareceu na minha', 'BRA'),
(561, 'Chrystian e Ralf', 3559, 'DESEJO DE AMAR', 'Pele macia, toda morena Esse seu corpo', 'BRA'),
(562, 'Martinho da Vila', 3560, 'DEVAGAR, DEVAGARINHO', 'É devagar, é devagar', 'BRA'),
(563, 'Cidade Negra', 3561, 'DOUTOR', 'Ó doutor, tem que me ajudar', 'BRA'),
(564, 'Cidade Negra', 3562, 'DOWNTOWN', 'Eu fui eu fui... Pro outro lado de lá', 'BRA'),
(565, 'Akundum', 3563, 'EMACONHADA', 'Kaya erva danada... É reggae sim se é reggae', 'BRA'),
(566, 'Chitãozinho e Xororó', 3564, 'FEITO EU', 'Caminhando sem saber pra onde,', 'BRA');
INSERT INTO `tb_lista_principal` (`idListaPrincipal`, `interprete`, `codigo`, `titulo`, `inicio`, `idioma`) VALUES
(567, 'Carrapicho', 3565, 'FESTA DE UM POVO', 'Ôh ôh ôh... lê lê lê... Boi garantido chegou', 'BRA'),
(568, 'Zezé Di Camargo e Luciano', 3566, 'FOI A PRIMEIRA VEZ', 'Foi a primeira vez a mais forte talvez', 'BRA'),
(569, 'Exaltasamba', 3567, 'GAMEI', 'Quando eu vi, me amarrei', 'BRA'),
(570, 'Zezé Di Camargo e Luciano', 3568, 'INDIFERENÇA', 'Fala pra mim, diz a verdade', 'BRA'),
(571, 'Legião Urbana', 3569, 'ÍNDIOS', 'Quem me dera ao menos...', 'BRA'),
(572, 'Biro do Cavaco', 3570, 'JÉSSICA', 'Sem a gente esperar nasce uma', 'BRA'),
(573, 'Paralamas do Sucesso', 3571, 'LA BELLA LUNA', 'Por mais que eu pense,', 'BRA'),
(574, 'Laura Pausini', 3572, 'LA SOLITUDINE', 'Marco se n''e andato e non...', 'ITA'),
(575, 'Chitãozinho e Xororó', 3573, 'LOIRA GELADA', 'Hoje eu vou cair no mundo', 'BRA'),
(576, 'Ricky Martin', 3574, 'MARIA', 'Un, dos, tres...', 'ESP'),
(577, 'Xuxa', 3575, 'MARQUEI UM "X"', 'Marquei um "X" Um "X"', 'BRA'),
(578, 'Companhia do Pagode', 3576, 'MELÔ DO STRIP TEASE', 'Eu lhe disse que não bulisse', 'BRA'),
(579, 'Netinho', 3577, 'MENINA LINDA', 'Óh menina linda tão bela', 'BRA'),
(580, 'Gal Costa', 3578, 'MEU BEM, MEU MAL', 'Você é meu caminho, meu...', 'BRA'),
(581, 'Royce do Cavaco', 3579, 'MEU CORAÇÃO É TEU', 'Infelizmente nós somos assim', 'BRA'),
(582, 'Roberto Carlos', 3580, 'MULHER DE 40', 'Sorriso bonito olhar de quem sabe', 'BRA'),
(583, 'Zezé Di Camargo e Luciano', 3581, 'NA HORA "H"', 'Eu preciso te dizer que ainda te que', 'BRA'),
(584, 'Art Popular', 3582, 'NANI', 'Quantas vezes Nani tantas vezes Nani', 'BRA'),
(585, 'Daniela Mercury', 3583, 'NOBRE VAGABUNDO', 'Quanto tempo tenho pra matar essa sau', 'BRA'),
(586, 'Milton Nascimento', 3584, 'NOS BAILES DA VIDA', 'Foi nos bailes da vida ou num bar', 'BRA'),
(587, 'Zélia Duncan', 3585, 'NOS LENÇÓIS DESSE REGGAE', 'Flash de viagem vontade de dançar um', 'BRA'),
(588, 'Ara Ketu', 3586, 'NOSSA GUERRA SANTA', 'Esse nosso amor é uma loucura', 'BRA'),
(589, 'Gal Costa-Gilberto Gil', 3587, 'ODARA', 'Deixa eu dançar pro meu...', 'BRA'),
(590, 'Chitãozinho e Xororó', 3588, 'PÁGINA DE AMIGOS', 'Ela ligou terminando tudo entre eu e', 'BRA'),
(591, 'Sérgio Reis', 3589, 'PANELA VELHA', 'Tô de namoro com uma moça solteirona', 'BRA'),
(592, 'Zezé Di Camargo e Luciano', 3590, 'POR AMOR TE DEIXO IR', 'Pode ir, não impeço sua viagem', 'BRA'),
(593, 'Zezé Di Camargo e Luciano', 3591, 'PRECISO SER AMADO', 'Não preciso de amor eu preciso é ser', 'BRA'),
(594, 'Grupo Raça', 3592, 'PURA EMOÇÃO', 'É frio sem você, meu amor...', 'BRA'),
(595, 'Sérgio Reis', 3593, 'SAUDADE DA MINHA TERRA', 'De que me adianta viver na cidade', 'BRA'),
(596, 'Sandra de Sá', 3594, 'SOZINHA', 'Às vezes no silêncio da noite', 'BRA'),
(597, 'Skank', 3595, 'TÃO SEU', 'Sinto sua falta, não posso esperar', 'BRA'),
(598, 'Legião Urbana', 3596, 'O TEATRO DOS VAMPIROS', 'Sempre precisei de um pouco...', 'BRA'),
(599, 'Roberto Carlos', 3597, 'TEM COISAS QUE A GENTE NÃO TIRA DO CORAÇÃO', 'Que bom te encontrar', 'BRA'),
(600, 'Art Popular', 3598, 'TRAPAÇA', 'Quando você passa tento te dizer', 'BRA'),
(601, 'Banda Cheiro de Amor', 3599, 'VAI SACUDIR, VAI ABALAR', 'Vai sacudir vai abalar explode coração', 'BRA'),
(602, 'Gilberto Gil', 3600, 'VAMOS FUGIR', 'Vamos fugir desse lugar, baby...', 'BRA'),
(603, 'Carlinhos Brown', 3601, 'A NAMORADA', 'Ei bicho o broto do seu lado', 'BRA'),
(604, 'Paralamas do Sucesso', 3602, 'A NOVIDADE', 'A novidade veio dar à praia', 'BRA'),
(605, 'Legião Urbana', 3603, 'A VIA LÁCTEA', 'Quando tudo está perdido...', 'BRA'),
(606, 'Só Pra Contrariar', 3604, 'AMOR VERDADEIRO', 'Olhe dentro de mim, você pode se ver', 'BRA'),
(607, 'Virgulóides', 3605, 'BAGULHO NO BUMBA', 'Nessa "bumba" eu não ando mais', 'BRA'),
(608, 'Marisa Monte', 3606, 'BEIJA EU', 'Seja eu, seja eu deixa que eu seja eu', 'BRA'),
(609, 'Banda Eva', 3607, 'BELEZA RARA', 'Eu não posso deixar que o tempo', 'BRA'),
(610, 'Cidade Negra', 3608, 'CASA', 'É seu único lugar no mundo', 'BRA'),
(611, 'Elba Ramalho', 3609, 'CHÃO DE GIZ', 'Desço dessa solidão', 'BRA'),
(612, 'Rita Lee', 3610, 'COISAS DA VIDA', 'Quando a lua apareceu', 'BRA'),
(613, 'Elis Regina', 3611, 'COMO NOSSOS PAIS', 'Não quero lhe falar meu grande amor', 'BRA'),
(614, 'Marisa Monte', 3612, 'DANÇA DA SOLIDÃO', 'Solidão é lava que cobre tudo', 'BRA'),
(615, 'Lulu Santos', 3613, 'DANCIN'' DAYS', 'Abra suas asas solte suas feras', 'BRA'),
(616, 'Legião Urbana', 3614, 'DEZESSEIS', 'João Roberto era o maioral...', 'BRA'),
(617, 'Leandro e Leonardo', 3615, 'DIZ PRA MIM', 'Diz pra mim que fazer pra te...', 'BRA'),
(618, 'Fábio Jr.', 3616, 'ENTREGA', 'Você foi chegando de mansinho', 'BRA'),
(619, 'Marisa Monte', 3617, 'ESTA MELODIA', 'Quando vem rompendo o dia', 'BRA'),
(620, 'Skank', 3618, 'EU DISSE A ELA', 'Quando eu disse a ela que o amor', 'BRA'),
(621, 'Cidade Negra', 3619, 'FIRMAMENTO', 'O que é que eu vou fazer agora', 'BRA'),
(622, 'Lulu Santos', 3620, 'GRAAL', 'É necessário descobrir', 'BRA'),
(623, 'Exaltasamba', 3621, 'LOUCA PAIXÃO', 'Vem a noite e eu tão só doidinho pra', 'BRA'),
(624, 'Exaltasamba', 3622, 'LUZ DO DESEJO', 'Apague a luz, deita ao meu ...', 'BRA'),
(625, 'Cássia Eller', 3623, 'MALANDRAGEM', 'Quem sabe eu ainda sou uma garotinha', 'BRA'),
(626, 'Chico César', 3624, 'MAMA ÁFRICA', 'Let me sing let me sing all love', 'BRA'),
(627, 'Grupo Cafuné', 3625, 'MELÔ DO PIRULITO', 'Olha o piu piu ôh... pirulito...', 'BRA'),
(628, 'Netinho', 3626, 'MILLA', 'Oh Milla mil e uma noites de amor com', 'BRA'),
(629, 'Cidade Negra', 3627, 'MUCAMA', 'Ô ô ô... O que se espera de uma nação', 'BRA'),
(630, 'Maurício Mattar', 3628, 'MUITO ROMÂNTICO', 'Eu tenho andado tão calado', 'BRA'),
(631, 'Marisa Monte', 3629, 'NA ESTRADA', 'Thu ru ru... Ela vai voltar vai chegar e se', 'BRA'),
(632, 'Roupa Nova', 3630, 'NOSSA HISTÓRIA', 'Hoje eu venho outra vez meu lugar é', 'BRA'),
(633, 'Skank', 3631, 'O HOMEM QUE SABIA DEMAIS', 'Sabia? Sim sabia mais e mais e mais', 'BRA'),
(634, 'Sérgio Reis', 3632, 'O MENINO DA PORTEIRA', 'Toda vez que eu viajava', 'BRA'),
(635, 'Leandro e Leonardo', 3633, 'POR CAUSA DELA', 'Por causa dela eu perdi o...', 'BRA'),
(636, 'Raça Negra', 3634, 'PRECISO DESSE AMOR', 'À noite no meu quarto, solidão', 'BRA'),
(637, 'Daniela Mercury', 3635, 'RAPUNZEL', 'Love as suas transas de mel', 'BRA'),
(638, 'Maurício Mattar', 3636, 'RUMOS DO CORAÇÃO', 'Ah! se eu pudesse ao menos sair de', 'BRA'),
(639, 'Molejo', 3637, 'SAMBA DIFERENTE', 'Quem samba com molejo samba diferente', 'BRA'),
(640, 'Royce do Cavaco', 3638, 'SÓ VOCÊ', 'Quando a luz se apaga', 'BRA'),
(641, 'Renato Russo', 3639, 'STRANI AMORI', 'Mi dispiace deve andare via', 'ITA'),
(642, 'Negritude Júnior', 3640, 'TANAJURA', 'Tana... tanajura jura que me ama', 'BRA'),
(643, 'Exaltasamba', 3641, 'TELEGRAMA', 'Ah, que saudade de você estou a te', 'BRA'),
(644, 'Lulu Santos', 3642, 'TUDO IGUAL', 'Então é assim que a vida faz', 'BRA'),
(645, 'Legião Urbana', 3643, 'VENTO NO LITORAL', 'De tarde quero descansar...', 'BRA'),
(646, 'Zeca Pagodinho', 3644, 'VERDADE', 'Descobri que te amo demais', 'BRA'),
(647, 'Chrystian e Ralf', 3645, 'VIRA VIROU', 'Por causa de você', 'BRA'),
(648, 'Lobão', 3646, 'A QUEDA', 'Quantos sonhos e sonhos acordo', 'BRA'),
(649, 'Legião Urbana', 3647, 'ANGRA DOS REIS', 'Deixa, se fosse sempre assim...', 'BRA'),
(650, 'Exaltasamba', 3648, 'ARMADILHA', 'Dessa vez te peguei de jeito', 'BRA'),
(651, 'Tim Maia', 3649, 'AZUL DA COR DO MAR', 'Ah, se o mundo inteiro me pudesse ouvir', 'BRA'),
(652, 'Beto Barbosa', 3650, 'BALANÇA O BUMBUM MUCHACHA', 'Quando eu te vejo bate meu...', 'BRA'),
(653, 'Sérgio Murilo', 3651, 'BROTO LEGAL', 'Oh, oh, que broto legal garota fenomenal', 'BRA'),
(654, 'Raul Seixas', 3652, 'CAPIM GUINÉ', 'Plantei um sítio no sertão de Piritiba', 'BRA'),
(655, 'Toquinho-Vinicius de Moraes', 3653, 'CARTA AO TOM 74', 'Rua Nascimento Silva cento e sete', 'BRA'),
(656, 'Kid Abelha', 3654, 'COMO É QUE EU VOU EMBORA', 'Ah ah ah... O que é que eu...', 'BRA'),
(657, 'Chitãozinho e Xororó', 3655, 'CONFIDÊNCIAS', 'Abra os olhos do seu coração', 'BRA'),
(658, 'Claudinho e Buchecha', 3656, 'CONQUISTA', 'Sabe, tchú ru ru ru...', 'BRA'),
(659, 'Banda Cheiro de Amor', 3657, 'É DEMAIS MEU REI', 'Vou dar a volta pelo globo terrestre', 'BRA'),
(660, 'Skank', 3658, 'É PROIBIDO FUMAR', 'É proibido fumar diz o aviso que eu', 'BRA'),
(661, 'Skank', 3659, 'É UMA PARTIDA DE FUTEBOL', 'Ô Bola na trave não altera o placar', 'BRA'),
(662, 'Exaltasamba', 3660, 'É VOCÊ', 'É você meu desejo mais', 'BRA'),
(663, 'Cássia Eller', 3661, 'E.C.T.', 'Tava com cara que carimba postais', 'BRA'),
(664, 'Shakira', 3662, 'ESTOY AQUI', 'Ya sé que no vedrás todo lo que fué', 'ESP'),
(665, 'Leandro e Leonardo', 3663, 'EU SOU DESEJO, VOCÊ É PAIXÃO', 'Você me amou e eu te amei...', 'BRA'),
(666, 'Cidade Negra', 3664, 'FALAR A VERDADE', 'Vamos falar a verdade pra vocês!', 'BRA'),
(667, 'Nino Rosso', 3665, 'IO CHE NON VIVO SENZA TE', 'Siamo qui noi soli come ogni sera', 'ITA'),
(668, 'Tim Maia', 3666, 'LEVA', 'Foi bom eu ficar com você o ano inteiro', 'BRA'),
(669, 'Paralamas do Sucesso', 3667, 'LOURINHA BOMBRIL', 'Para e repara, olha como ela samba', 'BRA'),
(670, 'Caetano Veloso', 3668, 'LUA DE SÃO JORGE', 'Lua de São Jorge, lua deslumbrante', 'BRA'),
(671, 'Katinguelê', 3669, 'LUANA', 'Eu vendo você na tristeza...', 'BRA'),
(672, 'Cidade Negra', 3670, 'LUTA DE CLASSES', 'Tudo o que eu posso ver', 'BRA'),
(673, 'Marina Lima', 3671, 'MESMO QUE SEJA EU', 'Sei que você fez os seus castelos', 'BRA'),
(674, 'Cidade Negra', 3672, 'MINHA IRMÃ', 'Ôh, isso é que me faz sorrir', 'BRA'),
(675, 'Gian e Giovani', 3673, 'NÃO VIVO SEM VOCÊ', 'Todo dia é a mesma coisa já...', 'BRA'),
(676, 'Rita Lee', 3674, 'NEM LUXO NEM LIXO', 'Como vai você? Assim como eu', 'BRA'),
(677, 'Fred Bongusto', 3675, 'O SOLE MIO', 'Che bella cosa ''na iurna ta''e sole', 'ITA'),
(678, 'Mastruz Com Leite', 3676, 'OLHA PRO CÉU', 'Olha pro céu meu amor vê como ele está', 'BRA'),
(679, 'Chitãozinho e Xororó', 3677, 'PALAVRAS (WORDS)', 'Smile, an everlasting smile', 'BRA'),
(680, 'Chitãozinho e Xororó', 3678, 'PODE SER PRA VALER', 'Se você está aí sozinha em plena', 'BRA'),
(681, 'Titãs', 3679, 'POLÍCIA', 'Dizem que ela existe pra ajudar dizem que', 'BRA'),
(682, 'Tim Maia', 3680, 'PRIMAVERA (VERSÃO AO VIVO)', 'Quando o inverno chegar', 'BRA'),
(683, 'Peppino Di Capri', 3681, 'ROBERTA', 'Lo sai non e vero che non ti voglio pi', 'ITA'),
(684, 'Gino Paoli', 3682, 'SAPORE DI SALE', 'Sapore di sale sapore di mare...', 'ITA'),
(685, 'João Mineiro e Marciano', 3683, 'SEU AMOR AINDA É TUDO', 'Muito prazer em revê-la você...', 'BRA'),
(686, 'Exaltasamba', 3684, 'SINCERA', 'Mais que amiga foi um xodó', 'BRA'),
(687, 'Chitãozinho e Xororó', 3685, 'SÓ QUEM AMOU DEMAIS', 'Se já doeu demais a falta desse amor', 'BRA'),
(688, 'Kid Abelha', 3686, 'TE AMO PRA SEMPRE', 'Na na na...pra conservar o amor...', 'BRA'),
(689, 'Raul Seixas', 3687, 'TREM DAS 7', 'Ói, ói o trem vem surgindo de trás das', 'BRA'),
(690, 'Paralamas do Sucesso', 3688, 'VOCÊ', 'Você é algo assim é tudo pra mim', 'BRA'),
(691, 'Mastruz Com Leite', 3689, 'VOU TE MATAR DE CHEIRO', 'Tô doidinha pra me deitar naquela cama', 'BRA'),
(692, 'Bobby Solo', 3690, 'ZÍNGARA', 'Prendi questa mano zíngara', 'ITA'),
(693, 'É o Tchan', 3691, 'A LOURINHA', 'Sei que a lourinha geladinha', 'BRA'),
(694, 'Fafá de Belém', 3692, 'ABANDONADA', 'Abandonada por você ...', 'BRA'),
(695, 'Negritude Júnior', 3693, 'ABSOLUTA', 'Não seja deselegante...', 'BRA'),
(696, 'Pirilampo e Saracura', 3694, 'BOIADEIRO ERRANTE', 'Eu venho vindo de uma querência distante', 'BRA'),
(697, 'Yahoo', 3695, 'CAMINHOS DO SOL', 'Sem você a vida pode parecer', 'BRA'),
(698, 'Fagner', 3696, 'CANTEIROS', 'Quando penso em você', 'BRA'),
(699, 'Nelson Gonçalves', 3697, 'CARINHOSO', 'Meu coração não sei por que', 'BRA'),
(700, 'Benito Di Paula', 3698, 'CHARLIE BROWN', 'Eh meu amigo Charlie', 'BRA'),
(701, 'Kid Abelha', 3699, 'COMO EU QUERO', 'Diz pra eu ficar muda faz...', 'BRA'),
(702, 'Roberto Carlos', 3700, 'COMO VAI VOCÊ?', 'Como vai você?', 'BRA'),
(703, 'Rita Pavone', 3701, 'DATEMI UN MARTELO (REMIX)', 'Tiú rú tiú rá... Datemi un martelo che cosa ne', 'ITA'),
(704, 'É o Tchan', 3702, 'DENGO DE MULHERES', 'Toda moça tem um dengo', 'BRA'),
(705, 'Jerry Adriani', 3703, 'DIANA', 'Não te esqueças meu amor...', 'BRA'),
(706, 'Chitãozinho e Xororó', 3704, 'É ASSIM QUE TE AMO', 'Sem me pedir você chegou assim', 'BRA'),
(707, 'Leandro e Leonardo', 3705, 'É POR VOCÊ QUE CANTO (THE SOUND OF SILENCE)', 'Quanto mais o tempo passa...', 'BRA'),
(708, 'Chitãozinho e Xororó', 3706, 'ELA NÃO VAI MAIS CHORAR', 'Por tantas vezes eu menti', 'BRA'),
(709, 'Erasmo Carlos', 3707, 'FESTA DE ARROMBA', 'Vejam só que festa de arromba', 'BRA'),
(710, 'Fábio Jr.', 3708, 'IMPOSSÍVEL ACREDITAR QUE PERDI VOCÊ', 'Não, eu não consigo acreditar', 'BRA'),
(711, 'Mara Maravilha', 3709, 'JESUS CRISTO', 'Jesus Cristo... eu estou aqui', 'BRA'),
(712, 'Grupo União', 3710, 'JURA DE AMOR', 'Você veio de repente e...', 'BRA'),
(713, 'É o Tchan', 3711, 'MALHAÇÃO', 'Vou lhe dizer é bom malhar', 'BRA'),
(714, 'Banda Magníficos', 3712, 'ME USA', 'Momentos de amor quero com você', 'BRA'),
(715, 'Yahoo', 3713, 'MORDIDA DE AMOR', 'Quando faz amor se olha no espelho', 'BRA'),
(716, 'Asa de Águia', 3714, 'NÃO TEM LUA', 'Não tem lua que faça você me amar', 'BRA'),
(717, 'Razão Brasileira', 3715, 'NATURALMENTE', 'Entre nós dois talvez possa acontecer', 'BRA'),
(718, 'Leandro e Leonardo', 3716, 'PIMBA', 'Pode crer rapaziada tudo em...', 'BRA'),
(719, 'Companhia do Pagode', 3717, 'PINGOS DE LÁGRIMA', 'Pingos de lágrima molhou meu rosto', 'BRA'),
(720, 'Moraes Moreira', 3718, 'POMBO CORREIO', 'Pombo correio voa depressa', 'BRA'),
(721, 'Diana', 3719, 'PORQUE BRIGAMOS', 'Quanto mais eu penso em lhe deixar', 'BRA'),
(722, 'Grupo Malícia', 3720, 'PRIMEIRO BEIJO', 'Pára de tanta bobagem só pra...', 'BRA'),
(723, 'Jorge Benjor', 3721, 'QUE MARAVILHA', 'Lá fora está chovendo...', 'BRA'),
(724, 'Jorge Benjor', 3722, 'QUE PENA (ELA JA NÃO GOSTA DE MIM)', 'Ela já não gosta mais de mim...', 'BRA'),
(725, 'Caetano Veloso', 3723, 'QUEIXA', 'Um amor assim delicado', 'BRA'),
(726, 'Gilberto Gil', 3724, 'SE EU QUISER FALAR COM DEUS', 'Se eu quiser falar com Deus...', 'BRA'),
(727, 'Laura Pausini', 3725, 'SE FUÉ', 'Ya no responde ni al...', 'ESP'),
(728, 'Adalberto e Adriano', 3726, 'SEPARAÇÃO', 'Qual terá sido o motivo da nossa separação', 'BRA'),
(729, 'Selma Reis', 3727, 'SOMBRA EM NOSSO OLHAR', 'Sei, só não sei porque penso em você', 'BRA'),
(730, 'Lulu Santos', 3728, 'TÃO BEM', 'Ela me encontrou eu tava por aí', 'BRA'),
(731, 'Elis Regina', 3729, 'TIRO AO ALVARO', 'De tanto levar frechada do teu', 'BRA'),
(732, 'Lulu Santos', 3730, 'TODA FORMA DE AMOR', 'Eu não pedi pra nascer eu não nasci pra', 'BRA'),
(733, 'Cazuza', 3731, 'TODO AMOR QUE HOUVER NESTA VIDA', 'Eu quero a sorte de um amor tranquilo', 'BRA'),
(734, 'Banda Cheiro de Amor', 3732, 'TODO MUNDO DANÇA', 'Todo mundo dança move corpo, move', 'BRA'),
(735, 'Emílio Santiago-Verônica Sabino', 3733, 'TUDO QUE SE QUER', 'Olha nos meus olhos esquece o que passou', 'BRA'),
(736, 'Paulo Sérgio', 3734, 'ÚLTIMA CANÇÃO', 'Esta é a última canção que eu faço', 'BRA'),
(737, 'Paulo Diniz', 3735, 'UM CHOPE PRA DISTRAIR', 'Ela passou, deixando um sorriso no', 'BRA'),
(738, 'Leno', 3736, 'A POBREZA', 'Todo mundo tem um amor...', 'BRA'),
(739, 'Agnaldo Rayol', 3737, 'A PRAIA', 'Em plena praia no céu azul ...', 'BRA'),
(740, 'João Mineiro e Marciano', 3738, 'ALINE', 'Ontem retornei na areia...', 'BRA'),
(741, 'Agnaldo Rayol', 3739, 'AMIGOS PARA SEMPRE', 'Eu não tenho nada pra dizer', 'BRA'),
(742, 'Katinguelê', 3740, 'APELO DE QUEM AMA', 'Quando eu me encontrar...', 'BRA'),
(743, 'Caetano Veloso', 3741, 'BELEZA PURA', 'Não me amarra dinheiro não', 'BRA'),
(744, 'Luiz Ayrão', 3742, 'BOLA DIVIDIDA', 'Será que essa gente percebeu', 'BRA'),
(745, 'Roberto Leal', 3743, 'CASA PORTUGUESA', 'Numa casa portuguesa fica bem', 'BRA'),
(746, 'Simony', 3744, 'CERTAS COISAS', 'Não existiria som', 'BRA'),
(747, 'Tom Jobim', 3745, 'CHEGA DE SAUDADE', 'Vai, minha tristeza, e diz a ela que', 'BRA'),
(748, 'Sílvio Brito', 3746, 'CIDADÃO', 'Tá vendo aquele edifício moço?', 'BRA'),
(749, 'Katinguelê', 3747, 'CILADA', 'Êh, mulher me comovi com sua...', 'BRA'),
(750, 'Karametade', 3748, 'DECISÃO', 'Há tanto tempo queria te falar...', 'BRA'),
(751, 'Só Pra Contrariar', 3749, 'DEPOIS DO PRAZER', 'Tô fazendo amor, com outra pessoa', 'BRA'),
(752, 'Shakira', 3750, 'DÓNDE ESTÁS CORAZÓN?', 'Dónde estás corazón?', 'ESP'),
(753, 'Roberto Carlos', 3751, 'EU PRECISO DE VOCÊ', 'Eu preciso de você', 'BRA'),
(754, 'Marina Lima', 3752, 'EU TE AMO VOCÊ', 'Acho que não sei não, eu não queria dizer', 'BRA'),
(755, 'Kid Abelha', 3753, 'FIXAÇÃO', 'Seu rosto na TV parece um...', 'BRA'),
(756, 'João Paulo e Daniel', 3754, 'HOJE EU SEI', 'Outra vez eu cheguei tarde...', 'BRA'),
(757, '14 Bis', 3755, 'LINDA JUVENTUDE', 'Zabelê, zumbi, besouro vespa fabricando', 'BRA'),
(758, 'Gilberto Gil', 3756, 'MARACATU ATÔMICO', 'Atrás do arranha-céu tem o...', 'BRA'),
(759, 'Milton Nascimento', 3757, 'MARIA MARIA', 'Maria, Maria é um dom uma certa magia', 'BRA'),
(760, 'Jorge Benjor', 3758, 'MAS QUE NADA', 'Oh, Bahia aiô obá, obá, obá...', 'BRA'),
(761, 'É o Tchan', 3759, 'MELÔ DO TCHACO II (DANÇA GOSTOSA)', 'Iô, iô, iá, iá... Frente do tchaco pro lado e pra', 'BRA'),
(762, 'Raul Seixas', 3760, 'METAMORFOSE AMBULANTE', 'Eu prefiro ser essa metamorfose ambulante', 'BRA'),
(763, 'Clara Nunes', 3761, 'O MAR SERENOU', 'O mar serenou quando ela pisou na areia', 'BRA'),
(764, 'Negritude Júnior', 3762, 'OLHOS VERMELHOS', 'As coisas já não andam bem...', 'BRA'),
(765, 'Cavalo de Pau', 3763, 'PADECER NO PARAÍSO', 'Eu vivi todo esse tempo só pra você', 'BRA'),
(766, 'Chitãozinho e Xororó', 3764, 'PÉ NA ESTRADA', 'Pé na estrada, lá vamos nós outra vez', 'BRA'),
(767, 'Paulo Diniz', 3765, 'PINGOS DE AMOR', 'A vida passa, telefono e você', 'BRA'),
(768, 'Negritude Júnior', 3766, 'QUE DURE PARA SEMPRE', 'Você está aí sozinha eu...', 'BRA'),
(769, 'É o Tchan', 3767, 'RALANDO O TCHAN (A DANÇA DO VENTRE)', 'Essa é a mistura do Brasil ...', 'BRA'),
(770, 'Zezé Di Camargo e Luciano', 3768, 'RÉDEAS DO POSSANTE', 'Cada palmo dessa estrada eu conheço', 'BRA'),
(771, 'Paralamas do Sucesso', 3769, 'ROMANCE IDEAL', 'Ela é só uma menina e eu pagando pelos', 'BRA'),
(772, 'João Paulo e Daniel', 3770, 'ROSTO MOLHADO', 'Enxugue o rosto meu amor não...', 'BRA'),
(773, 'Elza Soares', 3771, 'SAMBA DA MINHA TERRA', 'O samba da minha terra deixa a gente', 'BRA'),
(774, 'Milton Carlos', 3772, 'SAMBA QUADRADO', 'Eu fiz um samba quadrado pra você sentir', 'BRA'),
(775, 'Zezé Di Camargo e Luciano', 3773, 'SAUDADE DOS BEATLES', 'Às vezes volto no tempo numa viagem do meu', 'BRA'),
(776, 'Titãs', 3774, 'SONÍFERA ILHA', 'Não posso mais viver assim ao seu ladinho', 'BRA'),
(777, 'Ara Ketu', 3775, 'TENTAÇÃO', 'No meu corpo ficou a lembrança', 'BRA'),
(778, 'Debora Blando', 3776, 'UNICAMENTE', 'Vem sentir a era das águas', 'BRA'),
(779, 'Benito Di Paula', 3777, 'VAI FICAR NA SAUDADE', 'Você cortou o barato do meu amor', 'BRA'),
(780, 'Milton Nascimento-M.Valle', 3778, 'VIOLA ENLUARADA', 'A mão que toca um violão', 'BRA'),
(781, 'João Paulo e Daniel', 3779, 'VOCÊ SÓ ME FAZ FELIZ', 'É nesse sonho que eu me...', 'BRA'),
(782, 'Maria Bethânia', 3780, 'VOLTA POR CIMA', 'Chorei, não procurei esconder, todos', 'BRA'),
(783, 'Companhia do Pagode', 3781, 'A DANÇA DO ROBÔ', 'Essa é a nova dança que nós vamos lhe', 'BRA'),
(784, 'Carnaval', 3782, 'ALLAH LA ÔH', 'Allah la ô, ô ô ô... Mas que calor', 'BRA'),
(785, 'Carnaval', 3783, 'AURORA', 'Se você fosse sincera ô, ô, ô, ô...', 'BRA'),
(786, 'Carnaval', 3784, 'CABELEIRA DO ZEZÉ', 'Olha a cabeleira do Zezé', 'BRA'),
(787, 'Carnaval', 3785, 'CACHAÇA', 'Você pensa que cachaça é água', 'BRA'),
(788, 'Leandro e Leonardo', 3786, 'CERVEJA', 'Hoje é sexta-feira chega de...', 'BRA'),
(789, 'Carnaval', 3787, 'CORAÇÃO DE JACARÉ', 'Trocaram o coração da minha sogra', 'BRA'),
(790, 'Exaltasamba', 3788, 'DEZ A UM', 'Quantas vezes dormi com o astro-rei', 'BRA'),
(791, 'Adryana Ribeiro', 3789, 'E AGORA?', 'E agora como é que eu vou ficar', 'BRA'),
(792, 'João Paulo e Daniel', 3790, 'ELA TEM O DOM DE ME FAZER CHORAR', 'Deus, hoje eu vim aqui pra...', 'BRA'),
(793, 'Katinguelê', 3791, 'ENGRAÇADINHA', 'Linda de viver que gracinha...', 'BRA'),
(794, 'Gilberto Gil', 3792, 'ESTRELA', 'Há de surgir uma estrela no...', 'BRA'),
(795, 'João Paulo e Daniel', 3793, 'EU ME AMARREI', 'Eu me amarrei, eu me amarrei...', 'BRA'),
(796, 'Netinho', 3794, 'FIM DE SEMANA', 'Fim de semana é sexta feira', 'BRA'),
(797, 'Jorge Benjor', 3795, 'FIO MARAVILHA', 'Novamente ele chegou com...', 'BRA'),
(798, 'Amelinha', 3796, 'FREVO MULHER', 'Quantos aqui ouvem, os olhos eram de', 'BRA'),
(799, 'Art Popular', 3797, 'FRICOTE', 'Você é meu amor te quero de novo', 'BRA'),
(800, 'Leandro e Leonardo', 3798, 'HORIZONTE AZUL', 'O que mais me dói em noites...', 'BRA'),
(801, 'Laura Pausini', 3799, 'INESQUECÍVEL (INCANCELLABILE)', 'Às vezes me pergunto se eu...', 'BRA'),
(802, 'Carnaval', 3800, 'JARDINEIRA', 'Ó jardineira por que estás tão triste?', 'BRA'),
(803, 'Moraes Moreira', 3801, 'LÁ VEM O BRASIL DESCENDO A LADEIRA', 'Quem desce do morro não morre no asfalto', 'BRA'),
(804, 'Carnaval', 3802, 'MAMÃE EU QUERO', 'Mamãe eu quero, mamãe eu quero', 'BRA'),
(805, 'Carnaval', 3803, 'MARCHA DA CUECA', 'Eu mato, eu mato', 'BRA'),
(806, 'Carnaval', 3804, 'MARIA SAPATÃO', 'Maria Sapatão, sapatão, sapatão', 'BRA'),
(807, 'Carnaval', 3805, 'ME DÁ UM DINHEIRO AÍ', 'Ei, você aí me dá um dinheiro aí', 'BRA'),
(808, 'Só Pra Contrariar', 3806, 'MINEIRINHO', 'Eu não tenho culpa de comer quietinho', 'BRA'),
(809, 'Carnaval', 3807, 'O TEU CABELO NÃO NEGA', 'O teu cabelo não nega mulata', 'BRA'),
(810, 'Toke Divinal', 3808, 'PEQUENA PRINCESA', 'Pequena princesa és a primavera', 'BRA'),
(811, 'Titãs', 3809, 'PRA DIZER ADEUS', 'Você apareceu do nada', 'BRA'),
(812, 'Carnaval', 3810, 'QUEM SABE, SABE', 'Quem sabe, sabe conhece bem', 'BRA'),
(813, 'Chiquititas', 3811, 'REMEXE (RECHUFAS)', 'Tudo se transforma com magia', 'BRA'),
(814, 'Carnaval', 3812, 'SACA ROLHA', 'As águas vão rolar', 'BRA'),
(815, 'Carnaval', 3813, 'SASSARICANDO', 'Sa-sassaricando!', 'BRA'),
(816, 'Karametade', 3814, 'SE MELHORAR ESTRAGA', 'Estava mal, de baixo astral...', 'BRA'),
(817, 'Fábio Jr.', 3815, 'SÓ VOCÊ', 'Demorei muito pra te encontrar', 'BRA'),
(818, 'Só Pra Contrariar', 3816, 'TÁ POR FORA', 'Chega de plantar loucura', 'BRA'),
(819, 'Carnaval', 3817, 'TAÍ', 'Taí... Eu fiz tudo pra você gostar de mim', 'BRA'),
(820, 'João Paulo e Daniel', 3818, 'TE AMO CADA VEZ MAIS', 'Pegue-me aqueça-me em seu...', 'BRA'),
(821, 'Zezé Di Camargo e Luciano', 3819, 'TOMA JUÍZO', 'Hoje estou aqui vim falar de mim', 'BRA'),
(822, 'Negritude Júnior', 3820, 'VOCÊ FAZ FALTA', 'Falta alguma coisa no ar', 'BRA'),
(823, 'Molejo', 3821, 'A DANÇA DA VASSOURA', 'Diga aonde você vai que eu vou varrendo', 'BRA'),
(824, 'Zezé Di Camargo e Luciano', 3822, 'A GENTE FICA SEM SE AMAR', 'Quando acordar de manhã e tomar seu', 'BRA'),
(825, 'Banda Eva', 3823, 'ALÔ PAIXÃO', 'Eu não vou perder você', 'BRA'),
(826, 'Joanna', 3824, 'AMANHÃ TALVEZ', 'Faz que desse jeito só você...', 'BRA'),
(827, 'Roberto Carlos', 3825, 'AMANTE À MODA ANTIGA', 'Eu sou aquele amante à moda antiga', 'BRA'),
(828, 'Leandro e Leonardo', 3826, 'ANARRIÊ', 'Em toda festa de São João...', 'BRA'),
(829, 'É o Tchan', 3827, 'BAMBOLÊ', 'Vem na pegada do bambo do bambo, bambolê', 'BRA'),
(830, 'Oswaldo Montenegro', 3828, 'BANDOLINS', 'Como fosse um par que nessa valsa', 'BRA'),
(831, 'Netinho', 3829, 'BEIJO NA BOCA', 'Foi sem querer que eu beijei a sua boca', 'BRA'),
(832, 'Peppino Di Capri', 3830, 'CHAMPAGNE', 'Champagne per brindare a un incontro', 'ITA'),
(833, 'Elba Ramalho', 3831, 'CIRANDA DA ROSA VERMELHA', 'Teu beijo doce tem sabor do mel da', 'BRA'),
(834, 'Fincabaute', 3832, 'COISA DE MALUCO', 'É coisa de maluco alguém falou', 'BRA'),
(835, 'Ivan Lins', 3833, 'COMEÇAR DE NOVO', 'Começar de novo e contar...', 'BRA'),
(836, 'Negritude Júnior', 3834, 'CONTO DE FADAS', 'Não posso negar que você...', 'BRA'),
(837, 'Milton Nascimento', 3835, 'CORAÇÃO DE ESTUDANTE', 'Quero falar de uma coisa', 'BRA'),
(838, 'Kaoma', 3836, 'DANÇANDO LAMBADA', 'Morena, cintura de mola...', 'BRA'),
(839, 'Caetano Veloso', 3837, 'DEBAIXO DOS CARACÓIS DOS SEUS CABELOS', 'Um dia a areia branca seus pés irão', 'BRA'),
(840, 'Tom Jobim', 3838, 'DESAFINADO', 'Se você disser que eu desafino amor', 'BRA'),
(841, 'Exaltasamba', 3839, 'DESLIGA E VEM', 'Por favor, me diz quem é você', 'BRA'),
(842, 'Simone', 3840, 'ESPERE POR MIM, MORENA', 'Espere por mim, morena espere que eu', 'BRA'),
(843, 'Marina Lima', 3841, 'GATA TODO DIA', 'Eu sou uma gata e não gosto de água', 'BRA'),
(844, 'Maria Bethânia', 3842, 'GRITO DE ALERTA', 'Primeiro você me azucrina', 'BRA'),
(845, 'Kiko Zambianchi', 3843, 'HEY JUDE', 'Hey Jude, não fique assim...', 'BRA'),
(846, 'Ultraje a Rigor', 3844, 'INÚTIL', 'A gente não sabemos escolher presidente', 'BRA'),
(847, 'Art Popular', 3845, 'IRAÊ', 'Vejo você me olhar ah, que olhar', 'BRA'),
(848, 'Skank', 3846, 'MACACO PREGO', 'Eu sou macaco prego', 'BRA'),
(849, 'Cazuza', 3847, 'MAIOR ABANDONADO', 'Eu tô perdido, sem pai nem mãe', 'BRA'),
(850, 'Agepê', 3848, 'MORO ONDE NÃO MORA NINGUÉM', 'Moro, onde não mora ninguém', 'BRA'),
(851, 'Maurício Mattar', 3849, 'NADA APAGA ESSA PAIXÃO', 'Como eu queria te encontrar mais uma', 'BRA'),
(852, 'Gilberto Gil', 3850, 'NÃO CHORES MAIS', 'No woman no cry no woman...', 'BRA'),
(853, 'Zezé Di Camargo e Luciano', 3851, 'NO DIA EM QUE EU SAÍ DE CASA', 'No dia em que saí de casa', 'BRA'),
(854, 'Jorge Benjor', 3852, 'PAÍS TROPICAL', 'Moro num país tropical..', 'BRA'),
(855, 'Vanessa Rangel', 3853, 'PALPITE', 'Tô com saudades de você debaixo do meu', 'BRA'),
(856, 'Belchior', 3854, 'PARALELAS', 'Dentro do carro sobre o trevo', 'BRA'),
(857, 'Chitãozinho e Xororó', 3855, 'PENSANDO EM MINHA AMADA', 'Imagine um rapaz apaixonado', 'BRA'),
(858, 'Amado Batista', 3856, 'PRINCESA', 'Ao te ver pela primeira vez', 'BRA'),
(859, 'Fundo de Quintal', 3857, 'RESPONDE', 'Responde se me quer de verdade', 'BRA'),
(860, 'Heróis da Resistência', 3858, 'SÓ PRO MEU PRAZER', 'Não fala nada deixa tudo...', 'BRA'),
(861, 'Zezé Di Camargo e Luciano', 3859, 'VEM CUIDAR DE MIM', 'Eu já fiz de tudo pra não te perder', 'BRA'),
(862, 'Luiz Gonzaga', 3860, 'XOTE DAS MENINAS', 'Mandacaru quando fura lá na cerca', 'BRA'),
(863, 'Fundo de Quintal', 3861, 'A AMIZADE', 'Lá lá iá... Meu amigo, amigo hoje', 'BRA'),
(864, 'Chitãozinho e Xororó', 3862, 'A MINHA VIDA', 'Eu sei, eu aprendi a me aceitar', 'BRA'),
(865, 'Gilberto Gil', 3863, 'AQUELE ABRAÇO', 'Este samba vai pra Dorival...', 'BRA'),
(866, 'Chiquititas', 3864, 'BERLINDA (BERLIN)', 'Neste jogo só se diz a verdade', 'BRA'),
(867, 'Tim Maia', 3865, 'BONS MOMENTOS', 'Bons momentos eu passei fui feliz ao', 'BRA'),
(868, 'Gilson', 3866, 'CASINHA BRANCA', 'Eu tenho andado tão sozinho...', 'BRA'),
(869, 'Caetano Veloso', 3867, 'CHUVA, SUOR E CERVEJA', 'Não se perca de mim', 'BRA'),
(870, 'É o Tchan', 3868, 'DANÇA DO PÕE, PÕE', 'Olha o Tchan que já chegou', 'BRA'),
(871, 'Tim Maia', 3869, 'O DESCOBRIDOR DOS SETE MARES', 'Uma luz azul me guia', 'BRA'),
(872, 'Exaltasamba', 3870, 'DOIDINHO', 'Vem menina com teu sabor e ...', 'BRA'),
(873, 'Lobão', 3871, 'ESSA NOITE NÃO', 'A cidade enlouquece sonhos tortos', 'BRA'),
(874, 'Altemar Dutra', 3872, 'ESTÃO VOLTANDO AS FLORES', 'Vê... Estão voltando as...', 'BRA'),
(875, 'Gian e Giovani', 3873, 'EU BUSCO UMA ESTRELA', 'No que está pensando?...', 'BRA'),
(876, 'Leno e Lilian', 3874, 'EU NÃO SABIA QUE VOCÊ EXISTIA', 'Quando eu te conheci meu bem, não', 'BRA'),
(877, 'Zezé Di Camargo e Luciano', 3875, 'EU SÓ PENSO EM VOCÊ', 'Maybe I didn''t love you', 'BRA'),
(878, 'Amelinha', 3876, 'FOI DEUS QUEM FEZ VOCÊ', 'Foi Deus que fez o céu o rancho das estrelas', 'BRA'),
(879, 'Almir Rogério', 3877, 'FUSCÃO PRETO', 'Me disseram que ela foi vista com outro', 'BRA'),
(880, 'Wando', 3878, 'GOSTOSA', 'É tão gostosa ela é toda faceira', 'BRA'),
(881, 'Raimundos', 3879, 'I SAW YOU SAYING', 'Reconheci a Madonna ali parada no jardim', 'BRA'),
(882, 'Alceu Valença', 3880, 'LA BELLE DE JOUR', 'Ah! eh! ah! Eh... La belle de jour... Eu lembro', 'BRA'),
(883, 'Roberto Carlos', 3881, 'LOBO MAU', 'Eu sou do tipo que não gosta de casamento', 'BRA'),
(884, 'Karametade', 3882, 'LOUCA SEDUÇÃO', 'Com você eu fiz amor eu fiz...', 'BRA'),
(885, 'Agepê', 3883, 'MOÇA CRIANÇA', 'O seu andar tem jeito de moça...', 'BRA'),
(886, 'Legião Urbana', 3884, 'MONTE CASTELO', 'Ainda que eu falasse a...', 'BRA'),
(887, 'Mastruz Com Leite', 3885, 'MOTO TÁXI', 'Tenho uma moto táxi pra fazer corrida', 'BRA'),
(888, 'J.B. Samba', 3886, 'NA PALMA DA MÃO', 'Um bom pagode começa assim...', 'BRA'),
(889, 'Claudinho e Buchecha', 3887, 'NOSSO SONHO', 'Gatinha quero te encontrar', 'BRA'),
(890, 'Wanderley Cardoso', 3888, 'O BOM RAPAZ', 'Parece que eu sabia que hoje era o', 'BRA'),
(891, 'Cidade Negra', 3889, 'O ERÊ', 'Uh, uh, uh, uh... Pra entender o erê tem que', 'BRA'),
(892, 'Barão Vermelho', 3890, 'O POETA ESTÁ VIVO', 'Baby, compra o jornal e vem ver o sol', 'BRA'),
(893, 'Banda Cheiro de Amor', 3891, 'PEGA NO BALANÇO', 'É bom demais fazer amor', 'BRA'),
(894, 'Zizi Possi', 3892, 'PER AMORE', 'Io conosco la tua estrada', 'ITA'),
(895, 'Ara Ketu', 3893, 'PIPOCA', 'O Araketu o Araketu quando toca', 'BRA'),
(896, 'Jessé', 3894, 'PORTO SOLIDÃO', 'Se um veleiro repousasse...', 'BRA'),
(897, 'Netinho', 3895, 'PRA TE TER AQUI', 'Me sinto tão sozinho por que não vem me', 'BRA'),
(898, 'Chitãozinho e Xororó', 3896, 'PURA EMOÇÃO', 'Ela é mistério nesse jeito sério', 'BRA'),
(899, 'Raul Seixas', 3897, 'ROCK DAS "ARANHA"', 'Subi no muro do quintal e vi uma transa que', 'BRA'),
(900, 'Sensação', 3898, 'SENTIMENTO NU', 'É... tudo era azul sentimento nu', 'BRA'),
(901, 'Milton Guedes', 3899, 'SONHO DE UMA NOITE DE VERÃO', 'Sonho de uma noite de verão', 'BRA'),
(902, 'Banda Eva', 3900, 'VEM MEU AMOR', 'Quando te vejo paro logo em teu olhar', 'BRA'),
(903, 'Tião Carreiro e Pardinho', 3901, 'AMARGURADO', 'O que é feito daqueles beijos que eu', 'BRA'),
(904, 'Grupo Feitiço', 3902, 'AMOR PERFEITO', 'Fecho os olhos pra não ver...', 'BRA'),
(905, 'Alceu Valença', 3903, 'ANUNCIAÇÃO', 'Na bruma leve das paixões', 'BRA'),
(906, 'Katinguelê', 3904, 'APAIXONADAMENTE', 'Quando, te encontrei chorando...', 'BRA'),
(907, 'Roberto Carlos', 3905, 'AS CANÇÕES QUE VOCÊ FEZ PRA MIM', 'Hoje eu ouço as canções que você fez', 'BRA'),
(908, 'Netinho', 3906, 'BARRACOS (ESCOMBROS)', 'Pra quem mora lá no morro', 'BRA'),
(909, 'Só Pra Contrariar', 3907, 'BOCA A BOCA', 'Foi assim que aconteceu nossa', 'BRA'),
(910, 'Zezé Di Camargo e Luciano', 3908, 'CADA VOLTA É UM RECOMEÇO', 'Mais uma vez, meu coração esquece o que', 'BRA'),
(911, 'Asa de Águia', 3909, 'DANÇA DA MANIVELA', 'Dança da manivela', 'BRA'),
(912, 'Paulo Ricardo', 3910, 'DOIS', 'Quando você disse nunca mais', 'BRA'),
(913, 'Leandro e Leonardo', 3911, 'ESSAS MULHERES', 'Essas mulheres nos tiram e...', 'BRA'),
(914, 'É o Tchan', 3912, 'ESTÁTUA', 'Venha comigo requebrar', 'BRA'),
(915, 'Roberto Carlos', 3913, 'FALANDO SÉRIO', 'Falando sério é bem melhor você parar', 'BRA'),
(916, 'Sem Compromisso', 3914, 'FELICIDADE ESCONDIDA', 'Deixo um beijo de adeus', 'BRA'),
(917, 'Sérgio Reis', 3915, 'FUI PRA CASA DA VIZINHA', 'Tomei uma cervejada no bar da dona', 'BRA'),
(918, 'Léo Jaime', 3916, 'GATINHA MANHOSA', 'Meu bem, já não precisa', 'BRA'),
(919, 'Chico Buarque', 3917, 'GENTE HUMILDE', 'Tem certos dias em que eu penso em', 'BRA'),
(920, 'Wilma Bentivegna', 3918, 'HINO AO AMOR (HYMNE A L''AMOUR)', 'Se o azul do céu escurecer', 'BRA'),
(921, 'Luís Miguel', 3919, 'LA BARCA', 'Dicen que la distancia es el olvido', 'ESP'),
(922, 'Banda Eva', 3920, 'LEVA EU', 'Oh! Leva eu, eva, eva', 'BRA'),
(923, 'Belchior', 3921, 'MEDO DE AVIÃO', 'Foi por medo de avião', 'BRA'),
(924, 'Renato e Seus Blue Caps', 3922, 'MENINA LINDA', 'Ah! Deixa essa boneca faça-me o favor', 'BRA'),
(925, 'Soweto', 3923, 'MOMENTOS', 'Deixa o nosso mundo se encontrar', 'BRA'),
(926, 'Celine Dion', 3924, 'MY HEART WILL GO ON', 'Every night In my dreams I see you, I f', 'EUA'),
(927, 'Chitãozinho e Xororó', 3925, 'O HOMEM DE NAZARÉ', 'Ei, tá chegando o ano dois mil', 'BRA'),
(928, 'Altemar Dutra', 3926, 'O TROVADOR', 'Sonhei que eu era um dia um trovador', 'BRA'),
(929, 'Banda Cheiro de Amor', 3927, 'OLHA EU AÍ', 'Olha... ê olha eu olha eu sim', 'BRA'),
(930, 'Gonzaguinha', 3928, 'PONTO DE INTERROGAÇÃO', 'Por acaso algum dia você se...', 'BRA'),
(931, 'Sensação', 3929, 'PRECISO DESSE MEL', 'Quando a sua beleza pisou', 'BRA'),
(932, 'Roberto Carlos', 3930, 'QUANDO', 'Quando você se separou de mim', 'BRA'),
(933, 'Cleiton e Camargo', 3931, 'QUANDO UM GRANDE AMOR SE FAZ', 'Todo amor parece no começo um mar de', 'BRA'),
(934, 'Ciro Monteiro', 3932, 'SE ACASO VOCÊ CHEGASSE', 'Se acaso você chegasse e no meu', 'BRA'),
(935, 'Chitãozinho e Xororó', 3933, 'SE DEUS ME OUVISSE', 'Ah! Se Deus me ouvisse e mandasse pra', 'BRA'),
(936, 'Luiz Carlos', 3934, 'SEMPRE HÁ SAÍDA', 'Quantas vezes eu te pedi pra se lembrar', 'BRA'),
(937, 'Debora Blando', 3935, 'SOMENTE O SOL', 'Somente o sol você e eu', 'BRA'),
(938, 'Peninha', 3936, 'SONHOS', 'Tudo era apenas uma brincadeira', 'BRA'),
(939, 'Caetano Veloso-Gal Costa', 3937, 'SORTE', 'Tudo de bom que você me fizer', 'BRA'),
(940, 'Bruno e Marrone', 3938, 'TE AMO E NÃO TE QUERO', 'Pegue tudo aquilo que é seu', 'BRA'),
(941, 'Lulu Santos', 3939, 'TEMPOS MODERNOS', 'Eu vejo a vida melhor no futuro', 'BRA'),
(942, 'Zezé Di Camargo e Luciano', 3940, 'VIVENDO POR VIVER', 'Sem motivo vou vivendo por aí', 'BRA'),
(943, 'Rionegro e Solimões', 4151, 'DE SÃO PAULO A BELÉM', 'Deu um arroxo no peito eu fiquei', 'BRA'),
(944, 'Zé Ramalho', 4154, 'ENTRE A SERPENTE E A ESTRELA', 'Há um brilho de faca onde o amor', 'BRA'),
(945, 'Rionegro e Solimões', 4261, 'A GENTE SE ENTREGA', 'Uma dose de saudade misturada com', 'BRA'),
(946, 'Rionegro e Solimões', 4312, 'FALTA VOCÊ', 'O dia vai se acabando a tarde vai se', 'BRA'),
(947, 'Los Hermanos', 4346, 'ANNA JÚLIA', 'Quem te vê passar assim por mim', 'BRA'),
(948, 'Legião Urbana', 4355, 'HOJE A NOITE NÃO TEM LUAR', 'Ela passou do meu lado...', 'BRA'),
(949, 'Rionegro e Solimões', 4389, 'BATE O PÉ', 'Alô galera bate a mão e bate o pé', 'BRA'),
(950, 'Marisa Monte', 4424, 'AMOR I LOVE YOU', 'Deixa eu dizer que te amo', 'BRA'),
(951, 'Paul Anka', 4509, 'DIANA', 'I''m so young and you''re so old this my darling', 'EUA'),
(952, 'Eric Clapton', 4608, 'TEARS IN HEAVEN', 'Would you know my name if I saw you in', 'EUA'),
(953, 'Elton John', 4768, 'SKYLINE PIGEON', 'Turn me loose from your hands', 'EUA'),
(954, 'Elvis Presley', 4779, 'SUSPICIOUS MINDS', 'We''re caught in a trap I can''t walk out', 'EUA'),
(955, 'Shania Twain-Back Street Boys', 4822, 'FROM THIS MOMENT ON', 'From this moment life has begun', 'EUA'),
(956, 'Queen', 4937, 'LOVE OF MY LIFE', 'Love of my life, you''ve hurt me', 'EUA'),
(957, 'Lulu Santos', 6084, 'APENAS MAIS UMA DE AMOR', 'Eu gosto tanto de você que até prefiro', 'BRA'),
(958, 'Pato Fú', 6210, 'CANÇÃO PRA VOCÊ VIVER MAIS', 'Nunca pensei um dia chegar e te ouvir dizer', 'BRA'),
(959, 'Legião Urbana', 6262, 'LOVE IN THE AFTERNOON', 'É tão estranho os bons...', 'BRA'),
(960, 'Markinhos Moura', 6335, 'MEU MEL', 'Fica comigo meu mel tire o adeus das mãos', 'BRA'),
(961, 'Gino e Geno', 6412, 'ELA CHOROU DE AMOR', 'Ela sentiu saudade ela me...', 'BRA'),
(962, 'Jota Quest', 6509, 'SÓ HOJE', 'Hoje eu preciso te encontrar...', 'BRA'),
(963, 'Matogrosso e Mathias', 6717, 'TENTEI TE ESQUECER', 'Ah como quero te encontrar novamente', 'BRA'),
(964, 'Gino e Geno', 6767, 'CARA DE BOI', 'Eu tô cansado da fazenda e...', 'BRA'),
(965, 'Zezé Di Camargo e Luciano', 6979, 'SERAFIM E SEUS FILHOS', 'São três machos e uma fêmea por sinal', 'BRA'),
(966, 'Anitta', 15192, 'SHOW DAS PODEROSAS', 'Prepara que agora é hora do show das', 'BRA'),
(967, 'Paula Fernandes', 15197, 'UM SER AMOR', 'Você veio inteiro como o dia', 'BRA'),
(968, 'Marcos e Belutti', 15657, 'DOMINGO DE MANHÃ', 'Tá com voz de sono foi mal se te acordei', 'BRA'),
(969, 'Pablo', 15674, 'PORQUE HOMEM NÃO CHORA', 'Estou indo embora a mala já está lá fora', 'BRA'),
(970, 'Cristiano Araújo', 15686, 'CÊ QUE SABE', 'O que temos pra hoje é saudade', 'BRA'),
(971, 'Marcos E Belutti - Wesley Safadão', 15842, 'AQUELE 1%', 'Eu abro a porta e puxo a cadeira do jantar', 'BRA'),
(972, 'Jason Mraz', 19081, '93 MILLION MILES', 'Ninety three million miles...', 'EUA');

-- --------------------------------------------------------

--
-- Estrutura da tabela `tb_lista_secundaria`
--

CREATE TABLE IF NOT EXISTS `tb_lista_secundaria` (
  `idListaPrincipal` int(11) NOT NULL AUTO_INCREMENT,
  `interprete` varchar(50) COLLATE utf8_unicode_ci NOT NULL,
  `codigo` int(11) NOT NULL,
  `titulo` varchar(50) COLLATE utf8_unicode_ci NOT NULL,
  `inicio` varchar(255) COLLATE utf8_unicode_ci NOT NULL,
  `idioma` varchar(50) COLLATE utf8_unicode_ci NOT NULL,
  PRIMARY KEY (`idListaPrincipal`)
) ENGINE=InnoDB DEFAULT CHARSET=utf8 COLLATE=utf8_unicode_ci AUTO_INCREMENT=1 ;

-- --------------------------------------------------------

--
-- Estrutura da tabela `tb_mistura`
--

CREATE TABLE IF NOT EXISTS `tb_mistura` (
  `idMistura` int(11) NOT NULL AUTO_INCREMENT,
  `idCandidatos` int(11) NOT NULL,
  PRIMARY KEY (`idMistura`),
  KEY `idCandidatos` (`idCandidatos`)
) ENGINE=InnoDB  DEFAULT CHARSET=utf8 COLLATE=utf8_unicode_ci AUTO_INCREMENT=21 ;

--
-- Extraindo dados da tabela `tb_mistura`
--

INSERT INTO `tb_mistura` (`idMistura`, `idCandidatos`) VALUES
(10, 1),
(9, 2),
(7, 3),
(8, 4),
(16, 5),
(20, 6),
(11, 7),
(3, 8),
(2, 9),
(15, 10),
(14, 11),
(17, 12),
(18, 13),
(1, 14),
(19, 15),
(5, 16),
(13, 17),
(4, 18),
(6, 19),
(12, 20);

-- --------------------------------------------------------

--
-- Estrutura da tabela `tb_musicas`
--

CREATE TABLE IF NOT EXISTS `tb_musicas` (
  `idMusicas` int(11) NOT NULL AUTO_INCREMENT,
  `idCandidatos` int(11) NOT NULL,
  `idListaPrincipal` int(11) NOT NULL,
  PRIMARY KEY (`idMusicas`),
  KEY `idCandidatos` (`idCandidatos`),
  KEY `idListaPrincipal` (`idListaPrincipal`)
) ENGINE=InnoDB  DEFAULT CHARSET=utf8 COLLATE=utf8_unicode_ci AUTO_INCREMENT=81 ;

--
-- Extraindo dados da tabela `tb_musicas`
--

INSERT INTO `tb_musicas` (`idMusicas`, `idCandidatos`, `idListaPrincipal`) VALUES
(1, 1, 1),
(2, 1, 2),
(3, 1, 3),
(4, 1, 4),
(5, 2, 5),
(6, 2, 6),
(7, 2, 7),
(8, 2, 8),
(9, 3, 9),
(10, 3, 10),
(11, 3, 11),
(12, 3, 12),
(13, 4, 13),
(14, 4, 14),
(15, 4, 15),
(16, 4, 16),
(17, 5, 17),
(18, 5, 18),
(19, 5, 19),
(20, 5, 20),
(21, 6, 21),
(22, 6, 22),
(23, 6, 23),
(24, 6, 24),
(25, 7, 25),
(26, 7, 26),
(27, 7, 27),
(28, 7, 28),
(29, 8, 29),
(30, 8, 30),
(31, 8, 31),
(32, 8, 32),
(33, 9, 33),
(34, 9, 34),
(35, 9, 35),
(36, 9, 36),
(37, 10, 37),
(38, 10, 38),
(39, 10, 39),
(40, 10, 40),
(41, 11, 41),
(42, 11, 42),
(43, 11, 43),
(44, 11, 44),
(45, 12, 45),
(46, 12, 46),
(47, 12, 47),
(48, 12, 48),
(49, 13, 49),
(50, 13, 50),
(51, 13, 51),
(52, 13, 52),
(53, 14, 53),
(54, 14, 54),
(55, 14, 55),
(56, 14, 56),
(57, 15, 57),
(58, 15, 58),
(59, 15, 59),
(60, 15, 60),
(61, 16, 61),
(62, 16, 62),
(63, 16, 63),
(64, 16, 64),
(65, 17, 65),
(66, 17, 66),
(67, 17, 67),
(68, 17, 68),
(69, 18, 69),
(70, 18, 70),
(71, 18, 71),
(72, 18, 72),
(73, 19, 73),
(74, 19, 74),
(75, 19, 75),
(76, 19, 76),
(77, 20, 77),
(78, 20, 78),
(79, 20, 79),
(80, 20, 80);

-- --------------------------------------------------------

--
-- Estrutura da tabela `tb_pontuacao`
--

CREATE TABLE IF NOT EXISTS `tb_pontuacao` (
  `idPontuacao` int(11) NOT NULL AUTO_INCREMENT,
  `idCandidatos` int(11) NOT NULL,
  `idFases` int(11) NOT NULL,
  `idCriterios` int(11) NOT NULL,
  `pontos` float NOT NULL,
  PRIMARY KEY (`idPontuacao`),
  KEY `idCandidatos` (`idCandidatos`),
  KEY `idFases` (`idFases`),
  KEY `idCriterios` (`idCriterios`)
) ENGINE=InnoDB  DEFAULT CHARSET=utf8 COLLATE=utf8_unicode_ci AUTO_INCREMENT=224 ;

--
-- Extraindo dados da tabela `tb_pontuacao`
--

INSERT INTO `tb_pontuacao` (`idPontuacao`, `idCandidatos`, `idFases`, `idCriterios`, `pontos`) VALUES
(1, 1, 1, 1, 9),
(2, 1, 1, 2, 10),
(3, 1, 1, 3, 10),
(4, 1, 1, 4, 9),
(5, 1, 1, 5, 0),
(6, 2, 1, 1, 7),
(7, 2, 1, 2, 0),
(8, 2, 1, 3, 8),
(9, 2, 1, 4, 9),
(10, 2, 1, 5, 10),
(11, 3, 1, 1, 8),
(12, 3, 1, 2, 8),
(13, 3, 1, 3, 7),
(14, 3, 1, 4, 5),
(15, 3, 1, 5, 6.8),
(16, 4, 1, 1, 9),
(17, 4, 1, 2, 10),
(18, 4, 1, 3, 9),
(19, 4, 1, 4, 9),
(20, 4, 1, 5, 7.8),
(21, 5, 1, 1, 10),
(22, 5, 1, 2, 7),
(23, 5, 1, 3, 8),
(24, 5, 1, 4, 7),
(25, 5, 1, 5, 6.9),
(26, 6, 1, 1, 8),
(27, 6, 1, 2, 6),
(28, 6, 1, 3, 10),
(29, 6, 1, 4, 5),
(30, 6, 1, 5, 5.9),
(31, 7, 1, 1, 8),
(32, 7, 1, 2, 9),
(33, 7, 1, 3, 8.8),
(34, 7, 1, 4, 7),
(35, 7, 1, 5, 6.9),
(36, 8, 1, 1, 9),
(37, 8, 1, 2, 5),
(38, 8, 1, 3, 5),
(39, 8, 1, 4, 8),
(40, 8, 1, 5, 7.5),
(41, 9, 1, 1, 8),
(42, 9, 1, 2, 7),
(43, 9, 1, 3, 6),
(44, 9, 1, 4, 5),
(45, 9, 1, 5, 4),
(46, 10, 1, 1, 5),
(47, 10, 1, 2, 8),
(48, 10, 1, 3, 7),
(49, 10, 1, 4, 7),
(50, 10, 1, 5, 7),
(51, 11, 1, 1, 7),
(52, 11, 1, 2, 8),
(53, 11, 1, 3, 5),
(54, 11, 1, 4, 8),
(55, 11, 1, 5, 10),
(56, 12, 1, 1, 6),
(57, 12, 1, 2, 5),
(58, 12, 1, 3, 7),
(59, 12, 1, 4, 8),
(60, 12, 1, 5, 6),
(61, 13, 1, 1, 7),
(62, 13, 1, 2, 8),
(63, 13, 1, 3, 10),
(64, 13, 1, 4, 5.5),
(65, 13, 1, 5, 5.9),
(66, 14, 1, 1, 6.9),
(67, 14, 1, 2, 7.8),
(68, 14, 1, 3, 8),
(69, 14, 1, 4, 10),
(70, 14, 1, 5, 8),
(71, 15, 1, 1, 5),
(72, 15, 1, 2, 5),
(73, 15, 1, 3, 9),
(74, 15, 1, 4, 8),
(75, 15, 1, 5, 7),
(76, 16, 1, 1, 5),
(77, 16, 1, 2, 8),
(78, 16, 1, 3, 7),
(79, 16, 1, 4, 5),
(80, 16, 1, 5, 10),
(81, 17, 1, 1, 5),
(82, 17, 1, 2, 9),
(83, 17, 1, 3, 7),
(84, 17, 1, 4, 8),
(85, 17, 1, 5, 7),
(86, 18, 1, 1, 8),
(87, 18, 1, 2, 8),
(88, 18, 1, 3, 8),
(89, 18, 1, 4, 8),
(90, 18, 1, 5, 9),
(91, 19, 1, 1, 7),
(92, 19, 1, 2, 8),
(93, 19, 1, 3, 9),
(94, 19, 1, 4, 9),
(95, 19, 1, 5, 5),
(96, 20, 1, 1, 5),
(97, 20, 1, 2, 6),
(98, 20, 1, 3, 9),
(99, 20, 1, 4, 8),
(100, 20, 1, 5, 7),
(101, 1, 2, 1, 10),
(102, 1, 2, 2, 10),
(103, 1, 2, 3, 10),
(104, 1, 2, 5, 10),
(105, 7, 2, 1, 10),
(106, 7, 2, 2, 8),
(107, 7, 2, 3, 9),
(108, 7, 2, 4, 5),
(109, 7, 2, 5, 10),
(110, 4, 2, 1, 5),
(111, 4, 2, 2, 5),
(112, 4, 2, 3, 5),
(113, 4, 2, 4, 5),
(114, 4, 2, 5, 5),
(115, 5, 2, 2, 9.5),
(116, 5, 2, 2, 3),
(117, 5, 2, 3, 10),
(118, 5, 2, 4, 2),
(119, 5, 2, 5, 5),
(120, 2, 2, 1, 7),
(121, 2, 2, 2, 8.5),
(122, 2, 2, 3, 7.5),
(123, 2, 2, 4, 8),
(124, 2, 2, 5, 7.5),
(125, 11, 2, 1, 8.3),
(126, 11, 2, 2, 8),
(127, 11, 2, 3, 5),
(128, 11, 2, 4, 10),
(129, 11, 2, 5, 6),
(130, 18, 2, 1, 5.5),
(131, 18, 2, 2, 8),
(132, 18, 2, 3, 7),
(133, 18, 2, 4, 9.8),
(134, 18, 2, 5, 7),
(135, 13, 2, 1, 8.8),
(136, 13, 2, 2, 8),
(137, 13, 2, 3, 4),
(138, 13, 2, 4, 7.3),
(139, 13, 2, 5, 9),
(140, 14, 2, 1, 7.7),
(141, 14, 2, 2, 8),
(142, 14, 2, 3, 10),
(143, 14, 2, 4, 6.9),
(144, 14, 2, 5, 5),
(145, 17, 2, 1, 4.5),
(146, 17, 2, 2, 8),
(147, 17, 2, 3, 8),
(148, 17, 2, 4, 7),
(149, 17, 2, 5, 10),
(150, 1, 2, 4, 10),
(199, 1, 3, 1, 10),
(200, 1, 3, 2, 10),
(201, 1, 3, 3, 0),
(202, 1, 3, 4, 10),
(203, 13, 3, 1, 10),
(204, 13, 3, 2, 10),
(205, 13, 3, 3, 8),
(206, 13, 3, 4, 5),
(207, 13, 3, 5, 7),
(208, 2, 3, 1, 9),
(209, 2, 3, 2, 9),
(210, 2, 3, 3, 8),
(211, 2, 3, 4, 10),
(212, 2, 3, 5, 9),
(213, 18, 3, 1, 10),
(214, 18, 3, 2, 5),
(215, 18, 3, 3, 6),
(216, 18, 3, 4, 7.5),
(217, 18, 3, 5, 6.6),
(218, 7, 3, 1, 10),
(219, 7, 3, 2, 8),
(220, 7, 3, 3, 4.5),
(221, 7, 3, 4, 5.9),
(222, 7, 3, 5, 6),
(223, 1, 3, 5, 0);

-- --------------------------------------------------------

--
-- Estrutura da tabela `tb_vencedores`
--

CREATE TABLE IF NOT EXISTS `tb_vencedores` (
  `idVencedores` int(11) NOT NULL AUTO_INCREMENT,
  `idCandidatos` int(11) NOT NULL,
  `grupo` varchar(1) COLLATE utf8_unicode_ci NOT NULL,
  PRIMARY KEY (`idVencedores`),
  KEY `idCandidatos` (`idCandidatos`)
) ENGINE=InnoDB  DEFAULT CHARSET=utf8 COLLATE=utf8_unicode_ci AUTO_INCREMENT=4 ;

--
-- Extraindo dados da tabela `tb_vencedores`
--

INSERT INTO `tb_vencedores` (`idVencedores`, `idCandidatos`, `grupo`) VALUES
(1, 1, 'A'),
(2, 2, 'A'),
(3, 13, 'B');

--
-- Constraints for dumped tables
--

--
-- Limitadores para a tabela `tb_duplas`
--
ALTER TABLE `tb_duplas`
  ADD CONSTRAINT `tb_duplas_ibfk_1` FOREIGN KEY (`idFases`) REFERENCES `tb_fases` (`idFases`) ON DELETE CASCADE ON UPDATE CASCADE,
  ADD CONSTRAINT `tb_duplas_ibfk_2` FOREIGN KEY (`idCandidatos`) REFERENCES `tb_candidatos` (`idCandidatos`) ON DELETE CASCADE ON UPDATE CASCADE;

--
-- Limitadores para a tabela `tb_final`
--
ALTER TABLE `tb_final`
  ADD CONSTRAINT `tb_final_ibfk_1` FOREIGN KEY (`idFases`) REFERENCES `tb_fases` (`idFases`) ON DELETE CASCADE ON UPDATE CASCADE,
  ADD CONSTRAINT `tb_final_ibfk_2` FOREIGN KEY (`idCandidatos`) REFERENCES `tb_candidatos` (`idCandidatos`) ON DELETE CASCADE ON UPDATE CASCADE;

--
-- Limitadores para a tabela `tb_forma_duplas`
--
ALTER TABLE `tb_forma_duplas`
  ADD CONSTRAINT `tb_forma_duplas_ibfk_1` FOREIGN KEY (`idFases`) REFERENCES `tb_fases` (`idFases`) ON DELETE CASCADE ON UPDATE CASCADE,
  ADD CONSTRAINT `tb_forma_duplas_ibfk_2` FOREIGN KEY (`idCandidatos`) REFERENCES `tb_candidatos` (`idCandidatos`) ON DELETE CASCADE ON UPDATE CASCADE;

--
-- Limitadores para a tabela `tb_grupos`
--
ALTER TABLE `tb_grupos`
  ADD CONSTRAINT `tb_grupos_ibfk_1` FOREIGN KEY (`idCandidatos`) REFERENCES `tb_candidatos` (`idCandidatos`) ON DELETE CASCADE ON UPDATE CASCADE;

--
-- Limitadores para a tabela `tb_jurados`
--
ALTER TABLE `tb_jurados`
  ADD CONSTRAINT `tb_jurados_ibfk_1` FOREIGN KEY (`idCriterios`) REFERENCES `tb_criterios` (`idCriterios`) ON DELETE CASCADE ON UPDATE CASCADE;

--
-- Limitadores para a tabela `tb_mistura`
--
ALTER TABLE `tb_mistura`
  ADD CONSTRAINT `tb_mistura_ibfk_1` FOREIGN KEY (`idCandidatos`) REFERENCES `tb_candidatos` (`idCandidatos`) ON DELETE CASCADE ON UPDATE CASCADE;

--
-- Limitadores para a tabela `tb_musicas`
--
ALTER TABLE `tb_musicas`
  ADD CONSTRAINT `tb_musicas_ibfk_1` FOREIGN KEY (`idCandidatos`) REFERENCES `tb_candidatos` (`idCandidatos`) ON DELETE CASCADE ON UPDATE CASCADE,
  ADD CONSTRAINT `tb_musicas_ibfk_2` FOREIGN KEY (`idListaPrincipal`) REFERENCES `tb_lista_principal` (`idListaPrincipal`) ON DELETE CASCADE ON UPDATE CASCADE;

--
-- Limitadores para a tabela `tb_pontuacao`
--
ALTER TABLE `tb_pontuacao`
  ADD CONSTRAINT `tb_pontuacao_ibfk_1` FOREIGN KEY (`idCandidatos`) REFERENCES `tb_candidatos` (`idCandidatos`) ON DELETE CASCADE ON UPDATE CASCADE,
  ADD CONSTRAINT `tb_pontuacao_ibfk_2` FOREIGN KEY (`idFases`) REFERENCES `tb_fases` (`idFases`) ON DELETE CASCADE ON UPDATE CASCADE,
  ADD CONSTRAINT `tb_pontuacao_ibfk_3` FOREIGN KEY (`idCriterios`) REFERENCES `tb_criterios` (`idCriterios`) ON DELETE CASCADE ON UPDATE CASCADE;

--
-- Limitadores para a tabela `tb_vencedores`
--
ALTER TABLE `tb_vencedores`
  ADD CONSTRAINT `tb_vencedores_ibfk_1` FOREIGN KEY (`idCandidatos`) REFERENCES `tb_candidatos` (`idCandidatos`) ON DELETE CASCADE ON UPDATE CASCADE;

/*!40101 SET CHARACTER_SET_CLIENT=@OLD_CHARACTER_SET_CLIENT */;
/*!40101 SET CHARACTER_SET_RESULTS=@OLD_CHARACTER_SET_RESULTS */;
/*!40101 SET COLLATION_CONNECTION=@OLD_COLLATION_CONNECTION */;
